NumberOfSubjects,Fatal,SubjectArmed,SubjectRace,SubjectGender,SubjectAge,NumberOfOfficers,OfficerRace,OfficerGender
1,N,N,L,U,U,1,W,M
1,F,Y,W,M,U,1,W,M
1,F,Y,W,M,U,2,W;W,M;M
1,N,Y,U,M,U,1,W,M
1,N,Y,L,M,U,1,W,M
1,N,N,L,F,U,1,W,M
1,F,Y,L,M,U,3,H;W;W,M;M;M
1,N,Y,U,M,U,1,W,M
1,F,Y,W,M,U,1,W,M
1,F,Y,L,M,U,1,W,M
1,F,Y,L,M,U,1,W,M
1,F,Y,W,M,U,1,H,M
1,N,Y,L,M,U,1,W,M
1,F,N,W,M,U,3,W;W;H,M;M;M
1,N,Y,U,U,U,1,W,M
1,F,Y,W,M,U,3,H;W;W,M;M;M
1,F,N,B,M,U,2,W;W,M;F
1,F,N,W,M,U,1,H,M
1,N,Y,U,U,U,4,W;W;H;H,M;M;M;M
1,F,Y,B,M,U,1,W,M
1,N,N,U,U,U,1,W,M
1,N,Y,W,M,U,1,W,M
1,N,N,L,M,U,1,H,M
1,N,Y,U,M,U,1,W,M
1,F,Y,U,M,U,1,W,M
1,N,Y,L,M,U,1,H,M
1,F,Y,W,M,U,1,W,M
1,F,Y,W,M,U,2,W;H,M;M
1,N,N,U,M,U,1,W,M
1,N,Y,L,M,U,1,W,M
1,F,Y,U,M,U,3,U;H;W,M;M;M
1,N,Y,U,M,U,1,H,M
1,F,Y,W,M,U,6,H;H;W;W;W;W,M;F;M;M;M;M
1,N,Y,L,M,U,1,W,M
1,F,N,W,M,U,1,W,M
1,N,Y,L,M,U,1,H,M
1,N,N,U,M,U,1,W,M
1,N,N,L,U,U,1,W,M
1,N,Y,L,M,U,2,W;W,F;M
1,F,N,W,M,U,2,H;U,M;M
1,F,N,W,M,U,1,W,M
1,F,Y,B,M,U,1,H,M
1,F,Y,W,M,U,1,W,M
1,F,Y,U,M,U,1,H,M
1,F,N,W,M,U,1,H,M
1,N,Y,L,M,U,1,W,M
1,N,Y,L,M,U,1,W,M
1,F,Y,W,F,U,1,W,M
1,F,N,L,M,U,2,W;W,M;M
1,F,Y,U,M,U,1,W,M
1,N,U,L,M,U,1,W,M
1,N,U,L,M,U,10,W;W;H;W;H;H;W;B;U;H,F;M;M;M;M;M;M;M;M;M
1,F,Y,U,M,U,1,W,M
1,F,N,U,M,U,1,W,M
1,F,Y,U,M,U,3,W;H;W,M;M;M
1,N,Y,L,M,U,1,U,M
1,N,N,L,M,U,1,H,M
1,F,Y,W,M,U,2,W;H,M;M
1,F,N,L,M,U,1,W,M
1,N,N,U,U,U,2,W;W,M;M
1,N,N,U,U,U,2,W;W,M;M
1,F,Y,L,M,U,2,W;H,M;M
1,F,N,L,M,U,1,W,M
1,N,N,U,U,U,1,W,M
1,F,Y,L,M,U,1,W,M
1,N,N,W,M,U,1,W,F
1,N,Y,L,M,U,1,W,M
1,N,N,U,U,U,1,U,U
1,N,Y,U,U,U,1,U,U
1,N,Y,U,U,U,3,U,U
1,F,N,U,U,U,1,U,U
1,F,Y,U,U,U,1,U,U
1,N,Y,U,U,U,1,U,U
1,N,N,U,U,U,1,U,U
1,N,Y,U,U,U,1,U,U
1,N,Y,U,U,U,1,U,U
1,N,Y,U,U,U,2,U,U
1,F,N,U,U,U,1,U,U
1,N,Y,U,U,U,1,U,U
1,N,N,U,U,U,1,U,U
1,N,N,U,U,U,2,U,U
1,N,N,U,U,U,1,U,U
1,N,N,U,U,U,1,U,U
1,N,Y,U,U,U,2,U,U
1,N,N,U,U,U,1,U,U
1,N,Y,U,U,U,1,U,U
1,N,Y,U,U,U,1,U,U
1,N,Y,U,U,U,1,U,U
1,N,N,U,U,U,1,U,U
1,N,Y,U,U,U,1,U,U
1,N,Y,U,U,U,2,U,U
1,F,N,U,U,U,2,U,U
1,N,Y,U,U,U,1,U,U
1,N,Y,U,U,U,NA,U,U
1,F,Y,U,U,U,3,U,U
1,N,Y,U,U,U,1,U,U
1,F,Y,U,U,U,2,U,U
1,F,Y,U,U,U,2,U,U
1,N,N,U,U,U,1,U,U
1,N,N,U,U,U,3,U,U
1,N,N,U,U,U,1,U,U
1,N,Y,U,U,U,1,U,U
1,N,Y,U,U,U,1,U,U
1,N,N,U,U,U,1,U,U
1,F,N,U,U,U,3,U,U
1,F,N,U,U,U,1,U,U
1,F,Y,U,U,U,2,U,U
1,N,N,U,U,U,3,U,U
1,N,N,U,U,U,1,U,U
1,N,Y,U,U,U,1,U,U
1,F,Y,L,M,16,1,W,M
1,F,Y,A,M,26,2,W;W,M;M
1,N,N,L,M,34,1,W,M
1,N,N,W,M,26,2,W;W,M;M
1,F,Y,L,M,30,1,H,M
1,N,Y,W,M,34,1,W,M
1,F,N,B,M,35,1,W,M
1,F,Y,W,M,70,1,W,M
1,N,N,W,M,55,1,W,M
1,N,Y,L,M,30,2,W;H,M;M
1,F,Y,W,M,24,2,W;W,M;M
1,F,N,W,M,25,3,W;W;A,M;M;M
1,F,Y,W,M,35,1,H,M
1,F,Y,W,M,27,1,W,M
1,F,Y,W,M,63,1,W,M
1,F,Y,W,M,25,1,H,M
1,F,Y,L,U,U,3,W;W;W,M;M;M
1,F,Y,L,U,U,3,W;W;W,M;M;M
1,N,N,W,U,U,1,W,M
1,N,N,W,U,U,1,W,M
1,F,N,B,M,17,1,B,M
1,N,Y,B,M,51,2,B;W,M;M
1,F,Y,W,M,61,1,W,M
1,N,N,L,M,22,1,W,M
1,F,N,W,F,26,2,W;W,M;F
1,N,Y,W,M,44,3,W;B;W,M;M;M 
1,N,N,B,F,24,1,W,M
1,F,Y,W,M,49,1,W,M
1,F,N,W,M,35,1,B,M
1,N,N,B,M,32,1,W,M
1,N,N,B,M,22,1,W,M
1,N,N,B,M,34,1,W,M
1,N,Y,W,M,18,2,W;W,M;M
1,F,N,W,M,29,1,H,M
1,F,Y,W,M,54,4,W;H;W;W,M;M;M;M
1,N,Y,W,M,26,1,W,M
1,N,Y,B,M,30,2,H;W,F;M
1,F,Y,W,F,31,1,W,M
1,F,N,B,U,U,1,W,M
1,F,N,B,U,U,1,W,M
1,F,N,B,M,32,1,W,M
1,N,Y,W,M,21,2,H;W,M;M
1,N,N,L,M,46,1,A,M
1,F,Y,W,M,34,3,W;W;H,M;M;M
1,F,Y,W,M,26,1,H,M
1,F,N,W,M,42,1,W,M
1,N,N,W,U,U,NA,U,U
1,N,N,W,U,U,NA,U,U
1,N,N,B,M,26,NA,U,U
1,F,Y,B,M,34,NA,U,U
1,N,N,B,M,44,NA,U,U
1,F,N,W,M,40,NA,U,U
1,N,Y,W,M,19,NA,U,U
1,N,Y,B,M,27,NA,U,U
1,F,N,W,M,48,NA,U,U
1,F,Y,W,M,35,NA,U,U
1,N,Y,W,M,31,NA,U,U
1,N,Y,W,F,40,NA,U,U
1,F,N,B,M,57,NA,U,U
1,F,N,W,M,49,NA,U,U
1,F,N,B,U,U,NA,U,U
1,N,N,B,U,U,NA,U,U
1,U,N,U,U,U,NA,U,U
1,F,Y,B,U,U,NA,U,U
1,N,Y,U,U,U,NA,U,U
1,N,Y,B,M,44,NA,U,U
1,N,N,B,M,29,NA,U,U
1,N,N,W,M,38,NA,U,U
1,F,N,W,M,22,NA,U,U
1,N,Y,W,M,40,NA,U,U
1,F,N,B,M,19,NA,U,U
1,F,N,B,M,42,NA,U,U
1,F,N,B,M,19,NA,U,U
1,N,N,W,M,21,NA,U,U
1,N,N,W,M,52,NA,U,U
1,N,N,W,M,37,NA,U,U
1,N,N,W,M,22,NA,U,U
1,F,Y,B,F,23,NA,U,U
1,F,N,B,U,U,NA,U,U
1,N,N,U,U,U,NA,U,U
1,N,N,B,M,48,NA,U,U
1,F,NA,B,U,U,2,W;W,U
1,N,NA,B,U,U,2,W;W,U
1,F,NA,B,U,U,1,W,U
1,F,NA,B,U,U,1,B,U
1,N,NA,U,U,U,1,B,U
1,N,NA,B,U,U,1,B,U
1,F,NA,W,U,U,1,W,U
1,F,NA,B,U,U,1,B,U
1,N,NA,B,U,U,6,B;B;B;W;W;W,U
1,N,NA,B,U,U,6,B;B;B;W;W;W,U
1,N,NA,B,U,U,6,B;B;B;W;W;W,U
1,F,NA,B,U,U,6,B;B;B;W;W;W,U
1,N,NA,B,U,U,1,W,U
1,N,NA,B,U,U,2,W;W,U
1,F,NA,B,U,U,1,W,U
1,F,NA,B,U,U,1,W,U
1,N,NA,B,U,U,2,B;B,U
1,N,NA,B,U,U,2,W;W,U
1,N,NA,B,U,U,1,B,U
1,N,NA,B,U,U,1,W,U
1,N,NA,B,U,U,1,W,U
1,F,NA,B,U,U,3,W;W;B,U
1,F,NA,B,U,U,2,W;H,U
1,N,NA,B,U,U,2,W;H,U
1,N,NA,L,U,U,2,B;B,U
1,F,NA,B,U,U,2,W;H,U
1,N,NA,B,U,U,1,B,U
1,N,NA,B,U,U,4,H;H;H;W,U
1,F,NA,B,U,U,2,W;B,U
1,N,NA,B,U,U,1,W,U
1,N,NA,B,U,U,1,B,U
1,N,NA,B,U,U,1,B,U
1,N,NA,B,U,U,1,B,U
1,F,NA,B,U,U,1,W,U
1,F,NA,B,U,U,1,B,U
1,N,NA,W,U,U,1,W,U
1,N,NA,B,U,U,2,W;A,U
1,N,NA,B,U,U,3,W;W;W,U
1,N,NA,B,U,U,1,W,U
1,F,NA,B,U,U,1,W,U
1,N,NA,B,U,U,1,B,U
1,N,NA,B,U,U,1,B,U
1,N,NA,B,U,U,1,H,U
1,F,NA,B,U,U,1,B,U
1,N,NA,B,U,U,3,H;B;B,U
1,N,NA,B,U,U,3,W;W;B,U
1,N,NA,B,U,U,1,W,U
1,F,NA,W,U,U,1,W,U
1,N,NA,W,U,U,3,W;W;B,U
1,N,NA,B,U,U,2,H;W,U
1,N,NA,B,U,U,1,W,U
1,N,NA,B,U,U,2,B;W,U
1,F,NA,B,U,U,3,W;W;W,U
1,F,NA,B,U,U,1,W,U
1,N,NA,B,U,U,1,W,U
1,F,NA,B,U,U,1,B,U
1,F,NA,B,U,U,2,B;W,U
1,F,NA,B,U,U,1,B,U
1,N,NA,B,U,U,1,W,U
1,F,NA,B,U,U,3,W;B;H,U
1,F,NA,B,U,U,2,W;A,U
1,N,NA,B,U,U,2,W;A,U
1,N,NA,B,U,U,1,W,U
1,N,NA,W,U,U,3,W;W;W,U
1,N,NA,L,U,U,1,H,U
1,N,NA,B,U,U,1,W,U
1,F,NA,B,U,U,1,W,U
1,N,NA,B,U,U,1,B,U
1,F,NA,B,U,U,1,W,U
1,N,NA,B,U,U,2,B;B,U
1,F,NA,B,U,U,1,W,U
1,N,NA,B,U,U,1,W,U
1,N,NA,B,U,U,2,B;W,U
1,F,NA,B,U,U,1,B,U
1,F,NA,B,U,U,4,B;B;B;W,U
1,N,NA,B,U,U,1,B,U
1,N,NA,W,U,U,1,B,U
1,F,NA,W,U,U,1,W,U
1,N,NA,B,U,U,1,W,U
1,N,NA,B,U,U,2,B;W,U
1,N,NA,B,U,U,1,B,U
1,F,NA,B,U,U,2,H;W,U
1,N,NA,B,U,U,3,W;B;H,U
1,N,NA,B,U,U,1,H,U
1,N,NA,B,U,U,1,B,U
1,N,NA,B,U,U,1,B,U
1,N,NA,W,U,U,1,B,U
1,F,Y,U,M,19,2,U;U,M;M
1,N,Y,U,M,21,1,W,M
1,N,N,U,M,18,1,B,M
1,F,Y,U,M,38,2,W;W,M;M
1,F,Y,U,M,20,2,B;B,M;M
1,F,Y,U,M,20,2,W;W,M;M
1,F,N,U,M,38,1,U,M
1,F,Y,U,M,29,3,W;W;B,M;M;M
1,N,N,B,M,22,1,W,M
1,F,Y,U,M,25,2,U,M;M
1,N,Y,U,M,23,1,B,U
1,F,Y,U,M,26,1,U,M
1,F,N,B,M,31,1,W,M
1,F,Y,U,M,40,3,U,M;M;M
1,N,Y,L,M,17,1,A/PI,M
1,N,Y,B,M,21,1,W,M
1,N,Y,B,M,25,1,W,M
1,N,Y,W,M,24,8,W;W;W;W;W;W;W;W,M;M;M;M;M;M;M;M;M
1,N,N,B,M,15,1,W,M
1,F,Y,W,M,48,1,W,M
1,N,Y,B,M,69,1,W,M
1,N,N,L,M,57,1,W,M
1,N,Y,B,M,21,1,W,M
1,N,Y,L,M,22,1,B,M
1,N,N,B,M,28,1,AI/AN,M
1,N,N,W,M,48,1,W,M
1,N,Y,W,M,21,1,W,M
1,F,Y,B,M,28,1,W,M
1,F,Y,W,M,26,1,W,M
1,F,N,W,M,55,1,W,M
1,N,Y,B,U,U,2,W;B,M;M
1, F,Y,B,U,U,2,W;B,M;M
1,F,Y,W,M,59,1,W,M
1,F,N,B,M,24,1,W,M
1,N,Y,B,U,U,2,W;W,M;M
1, N,Y,B,U,U,2,W;W,M;M
1, N,Y,B,U,U,2,W;W,M;M
1,N,Y,B,M,31,1,W,M
1,N,Y,B,M,26,1,B,M
1,N,Y,B,M,21,1,H,M
1,F,Y,B,M,21,1,W,M
1,N,Y,B,M,31,1,W,M
1,N,Y,B,M,UNKNOWN,11,W,M
1,N,Y,B,M,UNKNOWN,2,W;A/PI,M;M
1,N,N,B,M,27,1,A/PI,M
1,F,N,B,F,20,1,W,M
1,N,Y,B,M,14,1,B,M
1,N,Y,B,M,32,1,A/PI,F
1,F,Y,B,M,18,1,W,M
1,F,Y,B,M,33,1,W,M
1,F,Y,B,M,30,8,W;B;W;W;W;W;W;W,M;M;M;M;M;M;M;M;F
1,N,Y,U,M,UNKNOWN,1,W,M
1,N,Y,B,M,25,1,W,M
1,F,Y,A,M,UNKNOWN,2,W;W,M;M
1,F,Y,B,M,18,2,W;W,M;M
1,N,Y,B,M,40,1,W,M
1,N,Y,L,M,UNKNOWN,3,W;B;W,M;M;M
1,N,Y,W,M,30,1,W,M
1,F,Y,B,M,43,1,B,M
1,N,Y,L,M,31,1,W,F
1,N,Y,B,M,UNKNOWN,1,B,M
1,N,U,B,M,20-29,2,B;W,M;M
1,F,U,B,M,28,1,L,M
1,N,U,U,M,0-19,2,L;A,M;M
1,N,U,B,M,30-39,1,W,M
1,N,U,B,M,50-59,1,L,M
1,F,U,B,M,21,1,W,M
1,F,U,B,M,25,1,W,M
1,F,U,B,M,50,4,B;B;B;B,M;M;M;M
1,N,U,B,M,20-29,1,W,M
1,N,U,B,M,46,1,B,F
1,N,U,B,M,0-19,1,L,M
1,N,U,B,U,U,4,B;B;B;B,M;M;M;M
1,N,U,B,U,U,4,B;B;B;B,M;M;M;M
1,F,U,B,M,30,2,B;B,F;F
1,N,U,B,M,20-29,2,W;W,M;M
1,N,U,B,M,20-29,1,W,M
1,N,U,L,U,U,1,A,M
1,N,U,L,U,U,1,A,M
1,N,U,B,M,20-29,2,W;W,M;F
1,F,U,B,M,24,1,B,M
1,F,U,B,M,44,1,B,M
1,N,U,L,M,20-29,3,A;W;L,M;M;F
1,N,U,B,M,0-19,1,W,M
1,N,U,B,M,20-29,1,L,M
1,N,U,L,M,20-29,1,B,F
1,U,U,W,U,U,1,W,M
1,F,U,B,U,U,1,W,M
1,N,U,B,U,U,2,W;B,M;M
1,N,U,B,U,U,2,W;B,M;M
1,N,U,B,U,U,2,W;B,M;M
1,N,U,B,M,17,1,B,M
1,N,U,B,M,0-19,4,B;B;B;B,M;M;M;M
1,N,U,B,M,30-39,1,W,M
1,N,U,B,M,0-19,1,B,M
1,N,U,B,M,0-19,1,W,M
1,F,U,B,M,30-39,1,W,M
1,N,U,B,M,20-29,2,W;W,M;M
1,N,U,B,M,20-29,1,B,M
1,N,U,B,U,U,1,A,M
1,N,U,B,U,U,1,A,M
1,N,U,B,U,U,1,A,M
1,N,U,B,U,U,1,A,M
1,U,U,U,U,U,1,B,M
1,N,U,B,M,34,2,L;W,F;F
1,N,U,B,M,0-19,1,B,M
1,U,U,L,M,20-29,1,L,M
1,N,U,B,U,U,3,B;L;B,M;M;M
1,N,U,B,U,U,3,B;L;B,M;M;M
1,F,Y,B,M,27,2,L;A,M;M
1,F,N,B,M,31,1,L,M
1,N,U,B,M,0-19,4,W;L;L;W,M;M;M;M
1,N,U,B,M,U,1,L,M
1,F,U,B,M,34,2,W;A,M;M
1,N,U,B,M,0-19,1,L,M
1,N,U,L,M,20-29,1,L,M
1,N,U,B,M,23,1,L,M
1,F,U,B,U,U,2,W;W,M;M
1,N,U,U,U,U,2,W;W,M;M
1,F,U,W,M,55,4,W;L;W;W,M;M;M;M
1,N,U,B,M,U,2,B;B,M;M
1,F,U,B,M,23,2,W;W,M;M
1,F,U,B,M,50-59,1,W,M
1,U,U,L,M,0-19,1,W,M
1,N,U,B,M,20-29,1,B,M
1,N,U,B,M,30-39,1,B,F
1,N,U,B,M,40-49,1,L,M
1,N,U,B,M,20-29,1,W,M
1,N,U,B,M,20-29,2,B;W,M;M
1,N,U,B,M,0-19,1,W,M
1,N,U,B,M,30-39,1,L,M
1,N,U,L,U,U,1,L,F
1,N,U,L,U,U,1,L,F
1,N,U,B,M,17,2,B;B,M;M
1,N,U,B,M,30-39,4,B;B;W;B,F;F;M;F
1,N,U,W,M,20-29,1,W,M
1,U,U,B,M,30-39,1,W,M
1,N,U,B,M,20-29,1,B,M
1,N,U,B,M,20,3,W;L;L,M;M;M
1,N,U,B,M,20-29,1,W,M
1,N,U,L,M,40-49,1,W,M
1,N,U,L,M,40-49,1,W,M
1,F,U,B,M,19,1,W,M
1,N,U,B,M,20-29,1,A,M
1,F,U,B,M,15,1,W,M
1,N,U,B,U,U,1,W,M
1,N,U,B,U,U,1,W,M
1,U,U,B,M,20-29,2,W;A,M;M
1,F,U,B,M,19,1,B,M
1,N,U,B,M,20-29,2,W;W,M;M
1,N,U,B,M,20-29,1,L,M
1,N,U,B,M,20-29,1,W,M
1,U,U,L,M,20-29,1,W,M
1,N,U,B,M,0-19,1,L,M
1,F,U,B,M,47,1,B,M
1,N,U,B,M,20-29,1,B,F
1,F,N,B,M,24,1,W,M
1,N,U,L,M,20-29,2,L;L,M;M
1,N,U,B,M,20-29,1,L,M
1,N,U,B,U,U,4,W;L;W;W,M;M;M;F
1,N,U,B,U,U,4,W;L;W;W,M;M;M;F
1,U,U,B,U,U,1,W,M
1,U,U,B,U,U,1,W,M
1,U,U,W,M,40-49,1,W,M
1,N,U,B,M,40-49,1,B,F
1,U,U,U,U,U,1,B,M
1,U,U,W,F,U,1,W,F
1,F,U,B,M,17,1,L,M
1,N,U,B,M,20-29,1,W,M
1,F,Y,B,M,0-19,1,L,M
1,U,U,W,M,40-49,1,B,M
1,N,U,B,M,20-29,1,B,M
1,N,U,B,M,17,1,B,F
1,F,N,B,U,U,1,W,M
1,U,U,B,U,U,1,W,M
1,N,U,B,M,0-19,1,W,F
1,F,N,B,M,20-29,2,W;L,M;M
1,N,U,B,M,20-29,1,B,M
1,N,U,L,M,30-39,1,W,M
1,N,U,B,M,0-19,1,W,F
1,N,U,B,M,30-39,2,L;B,M;M
1,N,U,W,M,50-59,6,W;W;B;B;B;L,F;F;M;F;M;F
1,N,U,B,U,U,1,L,M
1,N,U,B,U,U,1,L,M
1,N,U,B,M,30-39,1,L,M
1,N,U,B,M,20-29,1,W,M
1,N,U,B,M,20-29,1,L,M
1,N,U,B,U,U,1,L,M
1,N,U,B,U,U,1,L,M
1,N,U,B,U,U,1,L,M
1,N,U,B,M,0-19,1,W,M
1,N,U,B,M,30-39,1,W,M
1,F,U,L,M,50-59,1,L,M
1,N,U,B,M,20-29,2,W;B,M;M
1,N,U,B,M,20-29,1,L,F
1,N,U,B,M,20-29,1,W,M
1,N,U,B,M,40-49,3,L;W;W,M;M;M
1,F,U,L,M,0-19,1,W,M
1,F,U,B,M,16,3,L;W;L,M;M;M
1,N,U,B,M,20-29,1,W,M
1,F,U,L,M,20-29,4,W;L;L;W,M;M;M;M
1,N,U,B,M,20-29,5,B;W;W;W;L,F;M;M;M;M
1,N,U,W,M,30-39,1,W,F
1,N,U,B,M,40-49,3,W;W;B,M;M;M
1,N,U,L,M,20-29,1,L,M
1,N,U,W,U,U,1,W,M
1,N,U,W,U,U,1,W,M
1,N,U,L,M,20-29,1,W,M
1,U,U,B,M,40-49,3,B;W;W,M;M;M
1,N,U,B,M,0-19,1,A,M
1,N,U,B,M,20-29,2,W;A,M;M
1,F,Y,B,M,30-39,1,W,M
1,N,U,W,M,30-39,2,W;L,M;M
1,N,U,B,F,0-19,1,L,M
1,F,U,B,M,20-29,1,L,M
1,N,U,B,M,20-29,2,B;B,M;M
1,N,U,B,M,20-29,1,W,M
1,N,U,B,M,0-19,1,W,M
1,N,U,W,F,20-29,1,W,M
1,N,U,B,M,30-39,2,W;W,M;M
1,F,Y,B,M,30-39,2,W;W,M;M
1,N,U,B,M,20-29,1,W,M
1,N,U,B,M,20-29,1,O,M
1,N,U,B,M,20-29,2,L;A,M;M
1,N,U,L,M,30-39,1,L,M
1,N,U,B,M,30-39,2,W;L,M;M
1,N,U,L,M,20-29,1,L,M
1,N,U,B,M,20-29,1,B,M
1,N,U,B,F,30-39,1,B,M
1,F,Y,B,M,20-29,1,W,M
1,U,U,B,M,20-29,1,W,M
1,N,U,B,M,30-39,1,B,M
1,N,Y,L,M,25,1,L,M
1,N,Y,W,U,U,1,L,M
1,N,Y,B,U,U,1,L,M
1,U,U,U,U,U,NA,,U
1,F,Y,B,U,U,1,W;W,M;M
1,N,Y,B,U,U,1,W;W,M;M
1,N,Y,B,U,U,1,W;W,M;M
1,N,U,B,U,U,NA,W,M
1,N,U,B,U,U,NA,W,M
1,U,U,U,U,U,NA,W,M
1,N,N,B,M,21,1,B,M
1,N,Y,B,M,20,1,W,M
1,N,Y,L,U,U,2,L;L,M;M
1,N,U,L,U,U,2,L;L,M;M
1,N,Y,B,M,22,1,L,M
1,F,Y,W,M,26,2,W;W,M;M
1,U,U,U,U,U,NA,,U
1,N,Y,B,U,U,1,W,M
1,N,Y,B,U,U,1,W,M
1,N,N,B,M,18,2,L;W,M;M
1,F,Y,L,U,U,2,B;B,M;F
1,N,Y,B,U,U,2,B;B,M;F
1,F,U,U,U,U,NA,,U
1,N,N,L,U,U,1,A,M
1,N,N,L,U,U,1,A,M
1,N,U,L,M,0-19,1,B,M
1,N,Y,B,M,31,8,W;W;W;W;W;W;W;L,M;M;M;M;M;M;M;M;M
1,N,U,B,M,U,1,W,M
1,N,U,B,M,20-29,1,W,M
1,N,U,B,M,20-29,1,L,M
1,N,U,B,M,20-29,2,W;W,M;M
1,N,U,B,M,20-29,2,W;W,M;M
1,N,U,L,M,26,3,W;W;A,M;M;M
1,N,U,B,M,0-19,1,B,M
1,N,U,B,M,30-39,2,B;L,M;M
1,N,U,W,F,20-29,1,W,M
1,N,U,L,M,20-29,2,W;W,M;M
1,N,U,B,M,40,1,B,M
1,N,U,B,M,20-29,1,W,M
1,N,U,L,M,0-19,1,W,M
1,N,U,B,M,32,2,W;L,M;M
1,N,U,B,M,50-59,1,W,M
1,N,U,B,M,0-19,1,W,M
1,F,Y,B,U,U,2,B;B,M;M
1,N,U,B,U,U,2,B;B,M;M
1,N,U,B,M,22,1,A,M
1,N,U,B,M,0-19,2,W;A,M;M
1,U,U,L,M,20-29,3,W;W;W,M;M;M
1,N,U,B,M,20-29,1,W,M
1,N,Y,B,M,27,2,U;W,M;F
1,U,U,U,M,U,1,L,M
1,F,N,L,M,44,1,W,F
1,F,U,B,M,17,1,W,M
1,N,Y,B,U,U,2,W;W,M;M
1,N,Y,B,U,U,2,W;W,M;M
1,N,U,B,M,0-19,1,W,M
1,N,U,B,M,30-39,2,W;W,M;M
1,F,N,B,M,40,3,W;B;L,M;M;M
1,N,Y,B,M,28,1,B,M
1,N,Y,B,U,U,1,B,M
1,N,Y,B,U,U,1,B,M
1,N,Y,B,U,U,1,B,M
1,F,N,B,F,60,1,W,M
1,N,U,B,M,40-49,1,W,M
1,N,U,B,M,40-49,1,W,M
1,N,U,B,M,20-29,1,W,M
1,N,U,B,U,U,2,L;B,M;M
1,N,U,B,U,U,2,L;B,M;M
1,N,U,B,M,40-49,1,L,M
1,U,U,B,M,20-29,1,L,M
1,F,U,B,M,16,1,L,M
1,N,U,B,M,17,2,W;W,M;M
1,U,U,L,M,30-39,1,L,M
1,N,U,B,M,0-19,1,W,M
1,N,U,B,M,20-29,2,W;W,M;M
1,N,U,B,M,30-39,2,B;L,M;M
1,N,U,B,U,U,1,W,M
1,N,U,B,U,U,1,W,M
1,F,U,B,M,20,6,B;L;B;B;W;W,M;F;M;M;M;M
1,N,U,B,M,U,1,W,M
1,N,U,B,M,20-29,2,B;B,M;M
1,N,U,B,M,0-19,1,W,M
1,N,U,B,M,20-29,1,B,M
1,N,U,B,M,20-29,1,W,M
1,F,Y,B,M,26,2,W;L,M;M
1,N,U,L,M,20-29,1,L,M
1,N,U,B,M,20-29,3,L;W;L,M;M;M
1,N,U,B,M,0-19,1,B,F
1,N,U,L,M,30-39,2,L;W,M;M
1,N,U,L,M,30-39,1,L,M
1,N,U,B,M,28,2,W;A,M;M
1,N,U,W,U,U,2,W;W,M;M
1,N,U,W,U,U,2,W;W,M;M
1,F,Y,B,M,19,1,W,M
1,F,U,B,M,23,2,B;B,M;M
1,F,U,B,M,27,1,W,F
1,F,Y,B,M,37,2,B;W,M;M
1,N,U,W,U,U,1,W,M
1,N,U,W,U,U,1,W,M
1,F,Y,B,M,33,6,L;W;W;W;W;B,F;M;F;M;M;M
1,N,U,B,M,20-29,1,B,M
1,N,U,B,M,20-29,1,B,M
1,F,U,B,M,23,1,L,F
1,N,Y,B,M,21,1,W,M
1,N,U,B,M,50-59,1,B,F
1,N,U,B,M,0-19,1,B,M
1,N,U,B,M,50-59,1,W,M
1,N,U,B,U,U,2,W;L,M;M
1,U,U,B,U,U,2,W;L,M;M
1,U,U,W,M,40-49,1,A,M
1,N,U,L,M,0-19,2,W;L,M;M
1,N,U,B,M,0-19,1,L,F
1,N,U,B,M,20-29,2,L;W,M;M
1,F,U,B,M,20-29,1,W,M
1,N,U,B,M,20-29,1,W,F
1,N,U,B,M,20-29,1,L,M
1,F,U,B,U,U,1,L,M
1,F,U,B,U,U,1,L,M
1,N,U,B,M,20-29,1,W,M
1,F,Y,B,M,24,3,L;L;L,M;M;M
1,N,U,B,M,20-29,1,L,M
1,N,U,L,M,20-29,1,W,F
1,N,U,L,F,30-39,2,L;W,M;F
1,N,U,B,M,20-29,1,W,F
1,N,U,W,F,0-19,2,L;B,M;M
1,N,U,L,M,20-29,1,W,M
1,N,U,B,M,20-29,1,W,M
1,N,U,L,M,20-29,1,L,M
1,N,U,B,M,0-19,1,L,M
1,N,U,B,M,30-39,2,L;L,M;M
1,N,Y,B,U,U,3,W;L;L,M;M;M
1,N,Y,B,U,U,3,W;L;L,M;M;M
1,U,Y,B,U,U,3,W;L;L,M;M;M
1,N,U,B,M,20-29,1,B,M
1,N,U,L,M,20-29,1,W,M
1,N,U,L,U,U,1,L,M
1,N,U,L,U,U,1,L,M
1,F,U,B,M,56,2,W;W,M;M
1,N,U,B,M,30-39,1,L,M
1,N,U,L,M,0-19,1,W,M
1,F,U,L,U,U,3,L;W;W,M;M;M
1,N,U,L,U,U,3,L;W;W,M;M;M
1,N,U,L,U,U,3,L;W;W,M;M;M
1,N,U,L,M,0-19,1,W,M
1,N,U,B,M,0-19,1,W,M
1,N,Y,B,U,U,5,L;L;L;B;W,M;M;M;M;M
1,N,Y,B,U,U,5,L;L;L;B;W,M;M;M;M;M
1,N,Y,B,U,U,5,L;L;L;B;W,M;M;M;M;M
1,F,Y,B,M,50-59,1,L,M
1,F,Y,B,M,29,4,L;W;L;L,M;M;M;M
1,F,Y,L,M,30-39,2,W;L,M;M
1,N,U,B,M,U,2,W;W,M;F
1,N,N,B,M,20-29,1,W,M
1,N,U,B,M,40-49,2,W;W,F;M
1,N,U,L,M,20-29,1,W,M
1,F,N,B,M,20-29,1,W,M
1,N,U,B,M,0-19,2,B;B,M;M
1,N,N,L,M,37,1,L,M
1,N,U,B,M,17,2,B;B,F;M
1,F,U,B,M,25,1,W,M
1,N,N,B,U,U,1,L,M
1,F,N,B,U,U,1,L,M
1,N,Y,B,M,24,1,B,M
1,N,U,B,M,0-19,2,W;L,M;M
1,N,U,B,M,20-29,1,B,M
1,N,U,B,M,0-19,2,W;W,M;M
1,N,U,L,M,20-29,2,L;L,M;M
1,N,U,B,M,20-29,1,B,M
1,N,U,B,M,20-29,0,,U
1,N,U,L,M,0-19,1,W,M
1,N,Y,B,M,20-29,2,B;B,F;M
1,N,U,B,M,20-29,1,L,M
1,N,U,B,M,20-29,1,B,M
1,N,U,L,M,30-39,2,B;W,M;M
1,F,U,B,M,50-59,2,W;W,M;M
1,N,U,B,M,20-29,1,B,M
1,F,U,B,U,U,2,W;W,M;M
1,N,U,B,U,U,2,W;W,M;M
1,N,U,B,M,18,1,B,M
1,F,U,B,M,27,2,W;L,M;M
1,F,N,B,M,40,1,B,M
1,N,U,B,M,17,2,W;W,M;M
1,N,U,B,M,0-19,1,L,M
1,N,U,W,M,20-29,1,W,M
1,N,U,B,M,20-29,1,W,M
1,N,N,B,U,U,2,B;B,F;F
1,U,U,B,U,U,2,B;B,F;F
1,U,U,U,U,U,2,B;B,F;F
1,U,U,U,U,U,2,B;B,F;F
1,N,U,B,M,20-29,2,W;W,M;M
1,U,U,B,M,60-69,1,B,M
1,F,Y,B,M,0-19,1,W,M
1,F,U,B,M,27,10,W;W;W;L;W;W;L;W;W;L,M;F;M;M;M;M;M;M;M;M
1,N,U,B,U,U,1,W,M
1,N,U,B,U,U,1,W,M
1,N,U,W,M,30-39,1,W,M
1,N,U,B,M,20-29,2,W;W,M;M
1,F,U,B,M,18,2,L;W,M;M
1,F,U,B,U,U,1,B,M
1,N,U,B,U,U,1,B,M
1,N,U,B,M,18,1,B,M
1,N,U,B,M,20-29,1,W,M
1,N,U,B,U,U,1,B,M
1,N,U,B,U,U,1,B,M
1,N,U,B,M,40-49,1,W,M
1,N,N,B,U,U,8,L;W;W;W;L;L;L;L,M;M;M;F;M;M;M;M
1,N,N,B,U,U,8,L;W;W;W;L;L;L;L,M;M;M;F;M;M;M;M
1,F,N,B,U,U,8,L;W;W;W;L;L;L;L,M;M;M;F;M;M;M;M
1,N,N,B,M,30-39,2,B;L,M;M
1,N,U,B,M,20-29,1,B,M
1,N,U,B,M,0-19,1,B,M
1,N,U,B,M,17,1,A,M
1,N,U,B,M,0-19,2,W;W,M;M
1,N,U,B,U,U,2,L;L,M;M
1,N,U,B,U,U,2,L;L,M;M
1,N,U,B,M,20-29,1,W,M
1,F,U,B,U,U,1,B,M
1,N,U,B,U,U,1,B,M
1,N,U,B,U,U,1,B,M
1,N,U,B,U,U,1,B,M
1,N,U,L,M,20-29,2,W;B,M;M
1,N,U,B,M,20-29,1,B,M
1,U,U,U,U,U,NA,,U
1,U,U,U,U,U,NA,,U
1,N,U,B,M,U,2,L;B,M;M
1,N,U,B,M,20-29,1,B,M
1,N,U,B,M,30-39,1,L,M
1,N,N,B,F,20-29,3,W;L;W,M;M;M
1,F,U,B,U,U,1,A,M
1,F,U,U,U,U,1,A,M
1,N,U,B,M,19,2,B;L,M;M
1,F,N,B,U,U,1,W,M
1,U,N,W,U,U,1,W,M
1,N,Y,B,M,U,1,B,U
1,N,U,L,M,40-49,2,L;W,M;M
1,N,U,B,M,0-19,3,W;W;L,M;M;M
1,N,U,L,M,20-29,2,W;L,M;M
1,N,U,B,M,17,1,B,M
1,F,Y,B,M,19,3,L;L;A,M;M;M
1,N,U,B,M,30-39,5,L;W;L;W;W,M;M;M;M;M
1,N,U,B,M,30-39,1,B,M
1,F,U,B,M,18,4,W;B;L;B,M;M;M;M
1,N,U,B,M,20-29,3,B;W;L,M;M;M
1,N,U,W,M,16,1,L,M
1,F,U,L,M,21,3,W;W;W,M;M;M
1,F,U,B,M,20-29,1,W,M
1,F,U,B,M,15,1,W,M
1,F,U,B,M,16,1,B,M
1,N,U,B,M,17,1,W,M
1,N,U,B,M,20-29,1,W,M
1,N,U,B,M,20-29,2,L;W,M;M
1,N,Y,L,U,U,2,W;W,F;M
1,N,Y,L,U,U,2,W;W,F;M
1,N,U,B,M,20-29,1,W,M
1,N,U,B,M,20-29,1,W,M
1,N,U,B,M,20-29,1,W,M
1,N,U,W,M,30-39,2,W;B,M;M
1,N,U,B,M,20-29,1,B,M
1,N,U,B,M,20-29,2,B;B,M;M
1,N,U,B,M,20-29,1,B,M
1,N,U,B,M,20-29,1,L,M
1,N,U,L,U,U,1,W,M
1,N,U,L,U,U,1,W,M
1,N,U,B,M,20-29,2,B;B,M;M
1,N,U,B,U,U,1,L,M
1,N,U,B,U,U,1,L,M
1,F,U,B,M,33,1,L,M
1,N,U,L,M,0-19,1,B,M
1,F,U,B,M,19,1,L,M
1,N,U,B,M,0-19,1,W,M
1,N,U,W,M,30-39,1,W,M
1,N,U,B,M,0-19,1,W,M
1,N,U,B,M,20-29,1,W,M
1,F,U,B,M,18,2,B;B,M;F
1,N,U,L,M,U,2,W;B,M;M
1,N,U,B,M,0-19,1,L,M
1,N,U,L,M,40-49,1,W,M
1,N,U,L,M,U,1,W,M
1,N,U,W,M,20-29,1,W,M
1,F,Y,B,M,50,3,L;L;L,M;M;M
1,N,Y,B,M,20-29,3,L;L;L,M;M;M
1,U,U,B,F,30-39,1,B,F
1,N,U,B,M,30-39,2,B;B,M;M
1,N,U,B,M,20-29,1,W,M
1,N,Y,B,U,U,1,B,M
1,N,N,B,U,U,1,B,M
1,N,U,B,M,13,1,B,M
1,N,U,L,M,U,1,B,M
1,N,U,B,M,0-19,1,L,M
1,N,U,B,M,20-29,1,W,M
1,U,U,B,M,20-29,1,W,M
1,F,U,L,M,30-39,1,W,M
1,F,U,B,M,44,1,W,M
1,N,Y,B,M,28,1,W,M
1,N,Y,B,U,U,4,W;W;L;L,M;M;M;M
1,F,Y,U,U,U,4,W;W;L;L,M;M;M;M
1,N,U,B,M,20-29,1,L,M
1,N,U,B,M,U,1,W,M
1,N,U,B,M,0-19,1,A,M
1,N,U,B,M,40-49,3,L;W;W,M;M;M
1,U,U,B,U,U,2,L;W,M;M
1,N,U,B,U,U,2,L;W,M;M
1,N,U,B,U,U,2,B;B,M;M
1,N,U,A,U,U,2,B;B,M;M
1,U,U,B,M,0-19,1,W,M
1,N,U,B,M,20-29,1,B,M
1,N,Y,B,M,24,4,L;L;B;I,M;M;M;M
1,N,U,A,M,20-29,1,B,F
1,N,U,B,M,20-29,1,B,F
1,F,U,B,M,20-29,2,W;W,M;M
1,F,U,W,M,30-39,1,L,M
1,N,U,B,M,12,1,L,M
1,N,U,B,M,16,1,A,M
1,N,U,L,M,0-19,1,W,M
1,N,Y,B,M,29,2,L;U,M;U
1,N,U,B,U,U,9,W;B;B;B;B;L;L;L;B,M;M;M;M;M;M;M;M;M
1,F,U,B,U,U,9,W;B;B;B;B;L;L;L;B,M;M;M;M;M;M;M;M;M
1,N,U,W,M,24,1,L,M
1,F,N,B,M,17,1,W,M
1,F,N,B,M,19,1,W,M
1,N,U,B,M,30-39,1,W,M
1,N,U,B,M,20-29,1,W,M
1,N,U,B,M,24,1,B,M
1,N,Y,B,M,26,1,B,M
1,N,U,B,M,0-19,1,B,M
1,N,U,B,M,23,1,L,M
1,F,Y,L,U,U,2,L;L,M;F
1,N,U,L,U,U,2,L;L,M;F
1,N,U,B,M,19,1,L,M
1,N,U,B,M,15,1,B,M
1,N,U,B,M,27,4,L;W;W;L,F;M;M;M
1,N,U,B,M,20-29,1,A,M
1,N,U,B,M,19,1,B,M
1,N,U,B,M,20-29,3,L;W;W,M;M;M
1,N,U,L,M,0-19,1,L,M
1,F,U,B,U,U,2,W;W,M;M
1,N,U,B,U,U,2,W;W,M;M
1,N,U,B,M,20-29,1,W,M
1,F,U,L,U,U,2,L;W,M;F
1,N,U,L,U,U,2,L;W,M;F
1,N,U,B,M,17,1,W,M
1,N,U,B,M,20-29,1,W,M
1,N,U,B,M,0-19,1,W,M
1,F,U,B,M,19,2,L;L,M;F
1,N,U,B,M,30-39,1,W,M
1,N,U,L,M,40-49,1,W,M
1,N,U,B,M,31,1,W,M
1,N,U,B,M,17,1,W,M
1,F,N,B,M,30-39,2,W;W,M;M
1,N,U,B,M,30-39,1,B,M
1,N,U,B,M,0-19,1,W,M
1,N,U,B,M,20-29,2,W;W,M;M
1,N,U,L,F,20-29,2,W;L,M;M
1,N,U,B,M,30-39,1,L,M
1,N,U,L,M,20-29,1,A,M
1,N,U,B,M,20-29,1,W,M
1,N,Y,B,M,29,2,B;U,M;U
1,N,Y,B,M,U,NA,WHITE,MALE
1,N,Y,B,M,U,NA,BLACK,MALE
1,N,N,B,M,U,NA,BLACK,MALE
1,N,N,B,M,U,NA,BLACK,FEMALE
1,F,Y,B,M,U,NA,WHITE;WHITE,MALE;MALE
1,U,NA,B,M,U,NA,WHITE;WHITE,MALE;MALE
1,N,Y,B,M,U,NA,WHITE,MALE
1,F,Y,B,M,U,NA,BLACK,FEMALE
1,N,Y,B,M,U,NA,WHITE,MALE
1,F,Y,W,M,U,NA,WHITE;WHITE,FEMALE;MALE
1,F,N,B,F,U,NA,WHITE,MALE
1,U,NA,B,M,U,NA,BLACK,MALE
1,N,N,L,M,U,NA,WHITE,MALE
1,F,Y,B,M,U,NA,BLACK,MALE
1,F,N,W,M,U,NA,WHITE,MALE
1,N,N,B,M,U,NA,BLACK,MALE
1,F,Y,B,M,U,NA,WHITE;WHITE;WHITE,MALE;FEMALE;MALE
1,F,N,W,M,U,NA,WHITE,MALE
1,F,Y,B,M,U,NA,BLACK,MALE
1,N,Y,B,M,U,NA,WHITE,MALE
1,N,N,B,M,U,NA,BLACK,MALE
1,N,Y,B,M,U,NA,WHITE,MALE
1,F,Y,B,M,U,NA,WHITE;ASIAN,MALE;MALE
1,N,U,L,M,U,NA,BLACK,MALE
1,U,NA,B,M,U,NA,WHITE,MALE
1,N,Y,B,M,U,NA,WHITE,MALE
1,F,Y,W,M,U,NA,WHITE,MALE
1,F,Y,B,M,U,NA,WHITE,MALE
1,N,Y,B,M,U,NA,WHITE,MALE
1,N,Y,B,M,U,NA,WHITE,MALE
1,F,Y,B,M,U,NA,WHITE,MALE
1,N,Y,B,M,U,NA,WHITE,MALE
1,F,Y,W,M,U,NA,WHITE;WHITE,MALE;MALE
1,F,Y,W,M,U,NA,BLACK;WHITE,MALE;MALE
1,N,U,L,M,U,1,L,M
1,F,N,B,M,36,1,L,M
1,F,N,B,M,16,1,L,M
1,F,Y,B,M,U,1,L,M
1,N,U,B,M,U,1,L,M
1,F,N,B,U,U,1,L,M
1,N,N,B,U,U,1,L,M
1,U,U,U,U,U,1,L,M
1,N,U,L,M,U,1,B,F
1,F,Y,L,M,57,1,W,M
1,U,U,U,U,U,1,L,M
1,F,U,L,M,U,2,L;L,M;M
1,N,U,U,U,U,1,B,M
1,N,U,L,U,U,1,L,M
1,N,U,U,U,U,1,L,M
1,N,U,U,U,U,1,B,M
1,F,U,L,M,U,3,B;L;W,M;M;M
1,F,U,B,M,U,1,L,M
1,N,U,B,M,U,2,L;L,F;M
1,N,U,U,U,U,1,L,M
1,U,U,U,U,U,1,L,M
1,N,U,W,M,U,1,L,M
1,U,U,U,U,U,1,L,M
1,U,U,U,U,U,1,B,M
1,U,U,U,U,U,1,B,M
1,N,U,U,U,U,1,B,M
1,N,U,B,M,U,2,L;L,M;M
1,N,U,B,M,U,1,B,M
1,N,U,B,M,U,1,B,F
1,N,U,B,M,U,1,B,M
1,N,Y,U,M,U,1,U,M
1,F,U,B,M,U,1,L,M
1,F,U,B,M,U,1,L,M
1,N,U,B,M,U,1,L,M
1,N,U,B,M,U,1,L,M
1,F,Y,B,M,U,5,L;L;L;B;L,M;M;M;M;M
1,N,U,B,M,U,1,L,M
1,F,Y,B,M,19,2,L;U,M;U
1,F,N,W,M,U,1,L,M
1,N,U,U,U,U,1,B,M
1,N,U,U,U,U,1,W,M
1,N,U,U,U,U,1,B,M
1,F,Y,B,M,22,3,L;L;L,M;M;M
1,N,NA,U,U,U,NA,U,U
1,N,NA,U,U,U,NA,U,U
1,N,NA,U,U,U,NA,U,U
1,N,NA,U,U,U,NA,U,U
1,N,NA,U,U,U,NA,U,U
1,N,NA,U,U,U,NA,U,U
1,N,NA,U,U,U,NA,U,U
1,F,NA,U,U,U,NA,U,U
1,F,NA,U,U,U,NA,U,U
1,N,NA,U,U,U,NA,U,U
1,N,NA,U,U,U,NA,U,U
1,N,NA,U,U,U,NA,U,U
1,N,NA,U,U,U,NA,U,U
1,N,NA,U,U,U,NA,U,U
1,N,NA,U,U,U,NA,U,U
1,N,NA,U,U,U,NA,U,U
1,N,NA,U,U,U,NA,U,U
1,N,NA,U,U,U,NA,U,U
1,N,NA,U,U,U,NA,U,U
1,N,NA,U,U,U,NA,U,U
1,N,NA,U,U,U,NA,U,U
1,F,NA,U,U,U,NA,U,U
1,F,NA,U,U,U,NA,U,U
1,F,NA,U,U,U,NA,U,U
1,F,NA,U,U,U,NA,U,U
1,F,NA,U,U,U,NA,U,U
1,N,NA,U,U,U,NA,U,U
1,N,NA,U,U,U,NA,U,U
1,N,NA,U,U,U,NA,U,U
1,N,NA,U,U,U,NA,U,U
1,N,NA,U,U,U,NA,U,U
1,N,NA,U,U,U,NA,U,U
1,N,NA,U,U,U,NA,U,U
1,N,NA,U,U,U,NA,U,U
1,N,NA,U,U,U,NA,U,U
1,N,NA,U,U,U,NA,U,U
1,N,NA,U,U,U,NA,U,U
1,F,NA,U,U,U,NA,U,U
1,F,NA,U,U,U,NA,U,U
1,F,NA,U,U,U,NA,U,U
1,F,NA,U,U,U,NA,U,U
1,N,NA,U,U,U,NA,U,U
1,N,NA,U,U,U,NA,U,U
1,N,NA,U,U,U,NA,U,U
1,N,NA,U,U,U,NA,U,U
1,N,NA,U,U,U,NA,U,U
1,N,NA,U,U,U,NA,U,U
1,N,NA,U,U,U,NA,U,U
1,N,NA,U,U,U,NA,U,U
1,N,NA,U,U,U,NA,U,U
1,N,NA,U,U,U,NA,U,U
1,N,NA,U,U,U,NA,U,U
1,N,NA,U,U,U,NA,U,U
1,N,NA,U,U,U,NA,U,U
1,N,NA,U,U,U,NA,U,U
1,N,NA,U,U,U,NA,U,U
1,N,NA,U,U,U,NA,U,U
1,F,NA,U,U,U,NA,U,U
1,F,NA,U,U,U,NA,U,U
1,N,NA,U,U,U,NA,U,U
1,N,NA,U,U,U,NA,U,U
1,F,NA,U,U,U,NA,U,U
1,F,NA,U,U,U,NA,U,U
1,N,NA,U,U,U,NA,U,U
1,N,NA,U,U,U,NA,U,U
1,N,NA,B,M,U,1,W,M
1,N,NA,B,M,36,1,W,M
1,F,NA,B,M,26,1,W,M
1,N,NA,B,M,46,1,W,M
1,N,NA,B,M,17,1,W,M
1,N,NA,B,M,16,1,W,M
1,F,NA,W,M,33,1,W,M
1,N,NA,W,M,24,1,W,M
1,F,NA,B,M,22,2,,U
1,N,NA,B,M,17,1,W,M
1,N,NA,L,M,19,1,W,M
1,F,NA,B,M,48,2,W;W,M;M
1,N,NA,B,M,23,1,,U
1,N,NA,B,M,U,1,W,M
1,N,NA,W,M,15,2,W;W,M;M
1,F,NA,L,U,U,3,,U
1,F,NA,L,U,U,3,,U
1,N,NA,B,M,19,1,W,M
1,F,NA,W,M,36,2,W;W,M;M
1,N,NA,W,F,29,1,W,M
1,N,NA,B,M,21,1,B,M
1,N,NA,W,M,50,2,W;W,M;M
1,F,NA,W,M,28,2,W;W,M;M
1,N,NA,B,M,62,1,W,M
1,N,NA,B,M,22,1,W,M
1,F,NA,B,M,22,2,W;W,M;M
1,N,NA,B,M,26,1,W,M
1,N,NA,W,M,36,2,W;W,M;M
1,N,NA,B,M,40,1,W,M
1,N,NA,B,M,27,1,B,M
1,N,NA,B,M,22,1,W,M
1,N,NA,B,M,26,1,B,M
1,N,NA,B,M,17,2,W;W,M;M
1,N,NA,W,M,28,1,W,M
1,F,NA,B,M,50,5,W;W;W;W;W,M;M;M;M;M
1,F,NA,W,M,47,1,A,M
1,N,NA,B,M,44,1,B,M
1,F,NA,B,M,34,2,W;W,M;M
1,F,NA,B,U,U,2,W;W,M;M
1,F,NA,B,U,U,2,W;W,M;M
1,N,NA,B,U,U,2,W;W,M;M
1,N,NA,B,U,U,2,W;W,M;M
1,N,NA,B,M,25,3,W;W;W,M;M;M
1,N,NA,B,M,18,1,W,M
1,N,NA,B,M,22,1,B,M
1,N,NA,W,M,28,1,W,M
1,F,NA,B,M,41,3,W;W;W,M;M;M
1,N,NA,W,F,34,1,W,M
1,N,NA,W,M,24,1,W,M
1,N,NA,B,M,20,1,W,M
1,N,NA,W,M,29,2,B;W,M;F
1,N,NA,W,F,45,3,W;W;W,M;M;M
1,N,NA,W,M,45,1,W,M
1,F,NA,B,M,23,2,W;W,M;M
1,F,NA,B,M,23,5,W;W;W;W;W,M;M;M;M;F
1,N,NA,W,M,44,2,W;W,M;M
1,F,NA,B,M,30,1,W,M
1,N,NA,W,M,37,1,W,M
1,N,NA,U,U,U,1,W,M
1,N,NA,B,M,19,2,,U
1,N,NA,B,M,28,1,W,M
1,N,NA,W,M,37,1,W,M
1,N,NA,B,M,37,1,W,F
1,F,NA,B,M,27,1,W,M
1,N,NA,B,M,34,2,W;W,M;F
1,N,NA,B,M,28,1,W,M
1,F,NA,B,M,27,1,W,M
1,N,NA,B,M,20,1,W,M
1,N,NA,B,U,U,2,W;W,M:M
1,N,NA,B,U,U,2,W;W,M:M
1,N,NA,A,U,U,2,W;W,M:M
1,N,NA,B,M,21,1,W,M
1,N,NA,O,M,21,1,W,M
1,F,NA,B,M,33,3,W;W;W,M;M;M
1,F,NA,B,M,25,1,W,M
1,N,NA,B,M,17,1,W,M
1,N,NA,B,M,27,2,W;W,M;M
1,F,NA,W,F,43,1,W,M
1,N,NA,A,M,33,1,W,M
1,N,NA,B,M,U,1,B,M
1,F,NA,B,M,25,2,W;W,M;M
1,N,NA,W,M,37,1,W,M
1,N,NA,B,M,41,2,W;W,M;M
1,F,NA,B,M,31,3,W;W;W,M;M;M
1,F,NA,B,M,47,3,W;W;W,M;M;M
1,N,NA,L,M,31,1,W,M
1,F,NA,W,M,50,3,W;W;W,M;M;M
1,N,NA,B,M,20,1,W,M
1,F,NA,W,M,51,1,W,M
1,N,NA,W,U,U,1,W,M
1,N,NA,W,U,U,1,W,M
1,N,NA,W,U,U,1,W,M
1,N,NA,B,M,U,2,B;W,M;M
1,N,NA,W,U,U,1,W,M
1,N,NA,B,U,U,1,W,M
1,N,NA,B,M,39,1,W,M
1,N,NA,U,U,U,2,W;W,M;M
1,N,NA,B,M,22,2,H;O,M;F
1,F,NA,W,M,42,1,W,M
1,N,NA,B,M,23,1,W,M
1,N,NA,U,M,U,1,W,M
1,N,NA,W,M,50,2,W;W,M;M
1,N,NA,L,M,19,1,W,M
1,N,NA,B,M,19,1,W,F
1,F,NA,U,M,U,3,,U
1,F,NA,B,U,U,7,W;W;B;W;W;W;W,M;M;M;M;M;M;M
1,F,NA,B,U,U,7,W;W;B;W;W;W;W,M;M;M;M;M;M;M
1,N,NA,W,M,47,1,W,M
1,F,NA,W,M,44,1,W,M
1,N,NA,B,M,26,1,W,M
1,N,NA,B,M,15,1,W,M
1,F,NA,W,M,53,2,,U
1,N,NA,W,F,4,1,B,M
1,N,NA,A,M,25,1,W,M
1,F,NA,B,M,25,2,W;W,F;F
1,F,NA,B,M,51,1,W,M
1,F,NA,W,M,22,2,W;W,M;M
1,F,NA,B,M,21,1,W,M
1,N,NA,B,M,19,1,B,F
1,N,NA,B,M,27,1,W,M
1,N,NA,B,M,42,1,W,M
1,F,NA,B,M,18,5,,U
1,F,NA,B,M,21,1,W,F
1,N,NA,B,M,U,2,W;W,M;M
1,N,NA,W,M,26,1,W,F
1,F,NA,B,M,21,1,W,M
1,N,NA,B,M,30,1,W,M
1,F,NA,B,M,13,1,W,M
1,F,NA,W,M,33,1,W,F
1,N,NA,O,M,27,1,W,M
1,N,NA,B,M,37,2,W;W,M;M
1,F,NA,B,M,20,3,W;W;W,M;M;M
1,N,Y,L,M,20,1,H,M
1,N,Y,W,M,42,1,H,M
1,N,N,L,M,20,2,H;H,M;M
1,F,N,L,M,32,5,W;W;W;W;W,M;M;M;M;M
1,N,Y,W,M,60,1,W,M
1,F,Y,B,M,21,2,W;H,M;M
1,N,Y,B,M,21,1,B,M
1,F,Y,W,M,32,2,H;W,M;M
1,N,N,B,M,28,1,W,M
1,N,Y,B,M,35,1,W,M
1,N,N,B,M,34,1,W,M
1,N,N,B,M,53,1,A,M
1,N,Y,B,M,30,2,W;W,M;M
1,F,Y,B,M,21,1,H,M
1,N,Y,L,M,28,2,W;W,M;M
1,N,N,B,M,37,1,W,M
1,F,Y,B,M,37,2,W;H,M;M
1,F,N,L,U,U,3,W;W;W,M;M;M
1,N,N,L,U,U,3,W;W;W,M;M;M
1,F,N,L,M,22,1,B,M
1,N,Y,B,M,41,2,H;H,M;M
1,N,N,L,M,40,2,B;B,M;M
1,N,N,L,M,23,1,H,M
1,N,Y,L,M,42,1,W,M
1,N,Y,B,M,33,5,W;W;H;W;W,M;M;M;M;/M
1,F,Y,W,M,39,5,W;W;W;W;W,M;M;M;M;M
1,N,N,B,M,19,1,W,F
1,F,N,B,M,35,1,W,M
1,N,N,L,M,27,1,B,M
1,N,N,W,M,48,1,W,M
1,F,Y,W,M,47,4,H;W;W;W,M;M;M;M
1,F,N,W,M,26,1,W,F
1,F,N,W,M,34,1,W,M
1,N,Y,L,M,33,2,W;H,M;M
1,F,N,W,M,26,1,H,M
1,F,N,L,M,18,1,W,M
1,F,Y,W,M,U,4,W;W;W;NA,M;M;M;M
1,F,N,B,M,45,1,W,M
1,N,N,L,M,U,3,B;H;H,M;M;M
1,N,N,L,M,15,1,H,M
1,N,Y,B,M,U,1,W,M
1,F,Y,B,M,25,12,W;B;W;H;W;A;W;W;W;W;W;B,M;M;M;M;M;M;M;M;M;M;M;M
1,N,Y,A,M,U,1,W,M
1,N,N,B,M,U,1,W,M
1,N,N,B,M,U,1,W,M
1,N,N,W,M,53,1,B,M
1,F,Y,L,M,U,1,W,M
1,F,N,L,M,U,1,H,M
1,N,N,B,M,22,1,B,M
1,N,Y,B,M,U,1,W,M
1,N,N,B,M,41,1,W,M
1,N,Y,W,M,24,1,A,M
1,F,N,B,M,25,1,W,M
1,N,N,B,U,U,1,B,M
1,N,N,B,U,U,1,B,M
1,N,N,B,M,35,2,W;W,M;M
1,N,N,L,M,24,1,H,M
1,N,N,B,M,19,1,H,M
1,N,Y,B,M,31,1,H,M
1,N,Y,L,M,30,1,B,M
1,F,Y,B,M,30,1,W,M
1,N,N,W,M,32,1,B,M
1,N,Y,W,F,25,1,H,M
1,N,N,L,M,26,1,W,M
1,F,Y,B,M,29,1,W,M
1,N,N,B,M,30,1,W,F
1,F,Y,B,M,26,3,W;W;A,M;M;M
1,N,Y,B,M,19,2,W;H,M;M
1,N,Y,L,M,39,1,W,M
1,N,Y,L,M,47,2,H;W,M;M
1,F,Y,W,M,53,1,W,M
1,F,N,B,M,U,1,B,M
1,F,Y,B,M,21,1,B,M
1,N,N,U,U,U,1,W,M
1,N,N,B,M,21,1,W,M
1,F,N,L,M,19,3,H;W;W,M;M;M
1,N,Y,L,M,22,2,W;W,M;M
1,N,Y,B,M,U,1,H,M
1,N,Y,B,M,26,2,H;W,M;M
1,N,Y,L,M,U,1,W,M
1,F,Y,W,M,30,3,A;W;H,M;M;M
1,N,N,L,M,37,1,H,M
1,F,Y,B,M,34,1,W,M
1,N,Y,L,M,39,1,B,M
1,N,N,B,M,U,1,W,M
1,N,N,L,U,U,1,B,F
1,N,N,L,U,U,1,B,F
1,F,Y,W,M,31,2,W;W,M;M
1,N,N,W,M,23,2,W;B,M;M
1,N,N,B,F,33,1,W,M
1,N,Y,L,M,17,1,W,M
1,F,Y,W,M,35,16,W;W;W;W;W;W;H;H;W;W;W;A;H;W;B;H,M;M;M;M;M;M;F;F;M;M;M;M;M;M;M;M
1,F,N,B,F,38,1,B,M
1,N,N,B,M,36,2,W;W,M;M
1,N,Y,L,M,47,1,W,M
1,N,Y,B,M,25,1,H,M
1,N,Y,B,M,18,1,W,M
1,N,N,B,M,U,2,W;W,F;M
1,F,Y,B,M,19,1,B,M
1,N,N,B,M,47,2,W;H,M;F
1,F,Y,B,M,33,3,H;W;B,M;M;M
1,N,Y,L,M,22,1,B,M
1,F,N,W,M,27,1,W,M
1,N,Y,L,M,28,1,W,M
1,N,Y,U,U,46,1,B,M
1,F,N,L,M,19,1,B,M
1,N,N,B,M,21,1,B,M
1,N,Y,B,M,U,1,W,M
1,F,N,B,M,31,1,W,M
1,N,Y,L,M,20,1,W,M
1,N,Y,W,M,52,2,W;W,M;F
1,N,Y,B,M,20,1,L,M
1,F,Y,B,M,29,1,H,M
1,F,Y,L,M,U,1,W,M
1,F,Y,L,M,18,1,H,M
1,F,N,B,M,U,9,W;W;B;B;W;H;B;W;H,M;M;M;M;F;M;M;M;M
1,N,Y,B,M,31,1,W,M
1,N,Y,B,M,U,1,B,M
1,F,Y,L,M,24,2,W;W,M;M
1,F,Y,W,M,57,3,H;W;B,M;M;M
1,N,Y,B,M,U,1,W,M
1,N,NA,B,U,U,2,W;B,M;M
1,N,NA,B,U,U,2,W;B,M;M
1,N,NA,B,M,24,1,W,M
1,N,NA,B,M,25,1,O,M
1,F,NA,B,M,38,2,W;B,M;M
1,F,NA,B,M,24,11,U;B;U;U;U;U;U;U;U;U;B,U;M;U;U;U;U;U;U;U;U;M
1,N,NA,B,M,17,1,B,M
1,N,NA,B,M,22,1,W,M
1,N,NA,B,M,18,1,B,M
1,N,NA,U,U,U,1,W,M
1,N,NA,B,M,25,2,B;B,M;M
1,F,NA,B,M,68,1,W,M
1,F,NA,L,M,18,1,L,M
1,N,NA,B,M,46,3,W;W;B,M;M;M
1,N,NA,B,M,17,2,B;B,F;M
1,N,NA,B,M,19,1,B,M
1,F,NA,B,M,21,2,B;W,M;M
1,F,NA,B,M,52,2,W;B,M;M
1,N,NA,B,M,34,1,B,M
1,N,NA,U,U,U,1,B,M
1,N,NA,B,M,23,1,W,M
1,F,NA,B,M,19,1,B,M
1,N,NA,B,M,40,2,B;B,M;M
1,N,NA,B,M,19,3,B;B;B,F;M;M
1,N,NA,B,M,18,1,B,M
1,F,NA,B,M,39,1,B,M
1,N,NA,B,M,24,1,B,F
1,N,NA,B,U,U,3,B;B;L,M;M;M
1,N,NA,U,U,U,3,B;B;L,M;M;M
1,N,NA,B,M,28,2,B;W,M;M
1,N,NA,B,M,U,1,W,M
1,F,NA,B,M,27,1,W,M
1,F,NA,B,M,24,1,B,M
1,N,NA,B,M,26,1,B,F
1,N,NA,B,M,24,1,B,M
1,N,NA,B,M,54,1,B,M
1,F,NA,B,M,17,2,B;B,M;M
1,N,NA,B,M,16,1,B,F
1,F,NA,A,M,44,1,B;W,M;M
1,U,NA,U,U,U,1,W,M
1,F,NA,O,M,20,2,W;W,M;M
1,F,NA,B,M,44,1,B,M
1,N,NA,B,M,43,1,B,M
1,F,NA,B,M,29,1,W,M
1,U,NA,B,M,U,1,B,M
1,N,NA,B,F,63,1,B,M
1,N,NA,B,M,30,1,B,M
1,N,NA,B,M,34,1,W,F
1,F,NA,A,M,34,1,W,M
1,N,NA,B,M,35,1,B,M
1,N,NA,B,M,18,1,B,M
1,F,NA,B,M,51,1,B,M
1,F,NA,W,M,31,1,B,M
1,N,NA,B,M,19,1,B,M
1,N,NA,W,M,20,1,B,M
1,N,NA,B,M,37,1,B,M
1,N,NA,B,M,29,1,B,M
1,N,NA,B,M,21,2,B;B,M;M
1,N,NA,B,M,26,1,W,M
1,N,NA,B,M,29,3,W;W;W,M;M;M
1,N,NA,B,U,U,1,W,M
1,N,NA,U,U,U,1,W,M
1,U,NA,U,U,U,NA,,U
1,U,NA,U,U,U,NA,,U
1,U,NA,U,U,U,NA,,U
1,U,NA,U,U,U,NA,,U
1,U,NA,U,U,U,NA,,U
1,F,Y,L,M,62,4,W;H;W;W,M
1,N,Y,B,M,22,2,W;W,M;M
1,N,N,L,M,26,2,W;H,M;M
1,N,N,L,M,24,1,H,M
1,N,N,W,M,32,1,W,M
1,F,Y,L,M,33,2,W;W,M;M
1,N,Y,L,M,33,2,H;H,M;M
1,N,Y,B,U,U,1,H,M
1,N,Y,B,U,U,1,H,M
1,N,Y,W,M,33,1,W,M
1,N,Y,W,M,36,4,H;W;H;O,M;M;M;M
1,N,N,W,M,57,1,B,M
1,F,Y,L,M,36,3,W;Other:B,M;M;M
1,F,Y,W,M,33,1,W,M
1,F,N,L,M,21,4,H;W;W;W,F;M;M;M
1,N,N,B,M,24,1,W,M
1,F,N,U,M,35,1,W,M
1,N,N,B,M,27,1,W,M
1,F,Y,L,M,35,2,W;W,M;M
1,N,Y,W,M,36,1,H,M
1,F,Y,W,M,32,2,H;W,M;M
1,F,N,L,M,40,1,W,M
1,N,N,W,M,57,3,W;W;W,M;M;M
1,N,N,B,U,U,1,W,M
1,N,Y,B,U,U,1,W,M
1,N,Y,W,M,39,1,H,M
1,F,Y,L,M,23,1,B,M
1,F,N,L,M,35,2,W;W,M;M
1,N,N,L,U,U,5,W;O;W;W;W,M;M;M;M;M
1,N,Y,L,U,U,5,W;O;W;W;W,M;M;M;M;M
1,N,Y,L,U,U,5,W;O;W;W;W,M;M;M;M;M
1,N,N,L,U,U,5,W;O;W;W;W,M;M;M;M;M
1,F,Y,L,U,U,5,W;O;W;W;W,M;M;M;M;M
1,N,N,W,U,U,1,H,F
1,N,N,W,U,U,1,H,F
1,F,N,L,F,17,2,W;W,M;M
1,N,Y,L,U,U,2,W;W,M;M
1,F,Y,L,U,U,2,W;W,M;M
1,N,N,L,U,U,1,W,M
1,N,N,L,U,U,1,W,M
1,F,Y,L,M,28,2,B;B,M;M
1,N,N,B,M,27,1,W,M
1,N,N,W,M,42,1,W,M
1,F,Y,L,M,33,4,W;W;W;W,F;M;F;M
1,N,N,W,M,17,2,W;W,M;M
1,N,N,W,M,43,1,B,M
1,F,N,W,M,36,1,W,M
1,F,Y,B,M,29,1,W,M
1,N,N,W,M,58,1,W,M
1,F,Y,W,M,30,1,W,M
1,N,Y,W,M,32,1,B,M
1,N,Y,B,M,28,2,W;W,M;M
1,N,N,B,M,33,1,W,M
1,F,Y,W,M,36,2,W;W,M;M
1,N,Y,W,M,26,1,W,M
1,F,N,W,M,32,2,W;W,M;M
1,N,Y,B,M,20,1,W,M
1,F,N,W,M,62,1,W,M
1,N,Y,W,M,32,1,W,M
1,N,Y,L,M,17,1,W,M
1,N,Y,B,M,18,2,B;W,M;M
1,F,N,L,M,49,1,H,M
1,N,Y,W,M,24,1,W,M
1,F,Y,W,M,20,2,W;H,M;M
1,F,Y,W,M,58,1,W,M
1,U,NA,U,U,U,NA,U,U
1,U,NA,U,U,U,NA,U,U
1,U,NA,U,U,U,NA,U,U
1,U,NA,U,U,U,NA,U,U
1,U,NA,U,U,U,NA,U,U
1,U,NA,U,U,U,NA,U,U
1,U,NA,U,U,U,NA,U,U
1,U,NA,U,U,U,NA,U,U
1,U,NA,U,U,U,NA,U,U
1,U,NA,U,U,U,NA,U,U
1,U,NA,U,U,U,NA,U,U
1,U,NA,U,U,U,NA,U,U
1,U,NA,U,U,U,NA,U,U
1,U,NA,U,U,U,NA,U,U
1,U,NA,U,U,U,NA,U,U
1,U,NA,U,U,U,NA,U,U
1,U,NA,U,U,U,NA,U,U
1,U,NA,U,U,U,NA,U,U
1,U,NA,U,U,U,NA,U,U
1,U,NA,U,U,U,NA,U,U
1,U,NA,U,U,U,NA,U,U
1,U,NA,U,U,U,NA,U,U
1,U,NA,U,U,U,NA,U,U
1,U,NA,U,U,U,NA,U,U
1,U,NA,U,U,U,NA,U,U
1,U,NA,U,U,U,NA,U,U
1,U,NA,U,U,U,NA,U,U
1,U,NA,U,U,U,NA,U,U
1,U,NA,U,U,U,NA,U,U
1,U,NA,U,U,U,NA,U,U
1,U,NA,U,U,U,NA,U,U
1,U,NA,U,U,U,NA,U,U
1,U,NA,U,U,U,NA,U,U
1,U,NA,U,U,U,NA,U,U
1,U,NA,U,U,U,NA,U,U
1,U,NA,U,U,U,NA,U,U
1,U,NA,U,U,U,NA,U,U
1,U,NA,U,U,U,NA,U,U
1,U,NA,U,U,U,NA,U,U
1,U,NA,U,U,U,NA,U,U
1,U,NA,U,U,U,NA,U,U
1,U,NA,U,U,U,NA,U,U
1,U,NA,U,U,U,NA,U,U
1,U,NA,U,U,U,NA,U,U
1,U,NA,U,U,U,NA,U,U
1,U,NA,U,U,U,NA,U,U
1,U,NA,U,U,U,NA,U,U
1,U,NA,U,U,U,NA,U,U
1,U,NA,U,U,U,NA,U,U
1,U,NA,U,U,U,NA,U,U
1,U,NA,U,U,U,NA,U,U
1,U,NA,U,U,U,NA,U,U
1,U,NA,U,U,U,NA,U,U
1,U,NA,U,U,U,NA,U,U
1,U,NA,U,U,U,NA,U,U
1,U,NA,U,U,U,NA,U,U
1,U,NA,U,U,U,NA,U,U
1,U,NA,U,U,U,NA,U,U
1,U,NA,U,U,U,NA,U,U
1,U,NA,U,U,U,NA,U,U
1,U,NA,U,U,U,NA,U,U
1,U,NA,U,U,U,NA,U,U
1,U,NA,U,U,U,NA,U,U
1,U,NA,U,U,U,NA,U,U
1,U,NA,U,U,U,NA,U,U
1,U,NA,U,U,U,NA,U,U
1,U,NA,U,U,U,NA,U,U
1,U,NA,U,U,U,NA,U,U
1,U,NA,U,U,U,NA,U,U
1,U,NA,U,U,U,NA,U,U
1,U,NA,U,U,U,NA,U,U
1,U,NA,U,U,U,NA,U,U
1,U,NA,U,U,U,NA,U,U
1,U,NA,U,U,U,NA,U,U
1,U,NA,U,U,U,NA,U,U
1,U,NA,U,U,U,NA,U,U
1,U,NA,U,U,U,NA,U,U
1,U,NA,U,U,U,NA,U,U
1,U,NA,U,U,U,NA,U,U
1,U,NA,U,U,U,NA,U,U
1,U,NA,U,U,U,NA,U,U
1,U,NA,U,U,U,NA,U,U
1,U,NA,U,U,U,NA,U,U
1,U,NA,U,U,U,NA,U,U
1,U,NA,U,U,U,NA,U,U
1,U,NA,U,U,U,NA,U,U
1,U,NA,U,U,U,NA,U,U
1,U,NA,U,U,U,NA,U,U
1,U,NA,U,U,U,NA,U,U
1,U,NA,U,U,U,NA,U,U
1,U,NA,U,U,U,NA,U,U
1,U,NA,U,U,U,NA,U,U
1,U,NA,U,U,U,NA,U,U
1,U,NA,U,U,U,NA,U,U
1,U,NA,U,U,U,NA,U,U
1,U,NA,U,U,U,NA,U,U
1,U,NA,U,U,U,NA,U,U
1,U,NA,U,U,U,NA,U,U
1,U,NA,U,U,U,NA,U,U
1,U,NA,U,U,U,NA,U,U
1,U,NA,U,U,U,NA,U,U
1,U,NA,U,U,U,NA,U,U
1,U,NA,U,U,U,NA,U,U
1,U,NA,U,U,U,NA,U,U
1,U,NA,U,U,U,NA,U,U
1,U,NA,U,U,U,NA,U,U
1,U,NA,U,U,U,NA,U,U
1,U,NA,U,U,U,NA,U,U
1,U,NA,U,U,U,NA,U,U
1,U,NA,U,U,U,NA,U,U
1,U,NA,U,U,U,NA,U,U
1,N,N,W,M,20,1,L,M
1,N,N,U,M,38,1,L,M
1,N,N,W,M,32,1,W,M
1,F,Y,W,M,47,3,W;W;W,M;M;M
1,F,N,W,M,37,1,W,M
1,F,Y,W,M,33,1,W,F
1,N,N,L,M,57,1,L,M
1,N,N,L,M,15,1,U,M
1,F,Y,W,M,22,3,L;W;W,F;M;M
1,F,N,W,M,29,1,W,M
1,N,N,W,M,29,1,U,U
1,F,N,W,M,22,1,W,M
1,F,Y,W,M,22,2,L;W,M;M
1,F,N,L,M,56,1,W,M
1,N,Y,W,M,41,1,W,M
1,F,N,W,M,38,1,W,M
1,N,Y,W,M,20,2,W;W,M;M
1,N,N,W,M,21,1,W,F
1,N,N,L,M,32,3,W;L;U,M;U;U
1,F,N,B,M,33,6,L;W;U;U;U;U,M;M;U;U;U;U
1,F,N,W,M,22,5,W;W;A;U;U,M;M;M;U;U
1,N,N,U,M,25,1,U,M
1,N,N,U,M,50,1,U,M
1,N,N,U,U,U,1,U,U;M
1,F,Y,U,U,U,1,U,U;M
1,N,N,U,M,37,3,U,U;U;M
1,N,N,U,U,U,1,U,U
1,N,Y,U,M,U,2,U,M;M
1,F,N,U,M,28,1,U,M
1,F,N,U,M,49,1,U,M
1,F,N,U,M,U,2,U,U;M
1,N,Y,B,U,U,1,U,U
1,N,N,U,U,U,1,U,U
1,N,N,U,M,61,2,U,U;M
1,F,Y,U,M,34,2,U,U;M
1,F,N,U,M,46,1,U,M
1,N,Y,B,M,17,1,U,U
1,N,U,W,M,22,1,W,M
1,F,Y,W,M,70,3,W;B;W,M;M;M
1,F,N,W,M,21,1,W,M
1,F,N,W,M,35,1,H,M
1,N,N,B,M,18,1,W,M
1,N,N,W,M,29,1,W,M
1,N,Y,B,M,29,1,W,M
1,N,Y,W,M,62,3,H;H;A,M;M;M
1,F,Y,W,M,53,3,W;W;H,M;M;M
1,N,N,W,M,21,1,W,M
1,F,N,W,M,27,1,W,M
1,F,Y,W,M,U,1,U,U
1,F,Y,W,M,40,2,W;W,M;M 
1,N,Y,B,M,22,1,W,M
1,N,Y,B,M,46,1,W,M
1,N,N,B,M,35,1,W,M
1,U,U,L,M,24,1,W,M
1,N,Y,W,M,53,1,W,M
1,F,N,W,M,24,1,W,M
1,N,N,B,M,20,3,H;B;W,M;M;M
1,N,Y,W,M,34,1,W,M
1,F,Y,B,M,29,2,W;B,F;M
1,N,Y,W,M,25,1,W,M
1,N,Y,L,M,23,1,W,M
1,F,N,B,M,32,1,W,M
1,F,Y,W,M,42,2,W;W,M;M
1,N,Y,L,M,46,1,W,M
1,N,Y,L,M,28,1,H,M
1,F,Y,B,M,31,2,W;H,M;M
1,F,Y,B,M,29,1,W,M
1,F,N,W,M,22,2,W;U,M;U
1,N,N,W,M,35,1,W,M
1,N,N,L,M,17,1,B,M
1,F,N,W,F,46,1,U,U
1,N,N,W,M,55,1,W,M
1,F,Y,W,M,72,1,W,M
1,F,N,B,M,37,1,B,M
1,F,Y,L,M,17,1,W,M
1,N,N,B,M,54,1,W,M
1,F,Y,U,M,34,1,W,M
1,N,U,B,M,33,1,H,M
1,N,Y,W,M,18,1,W,M
1,F,Y,U,M,30,1,W,M
1,F,Y,W,M,47,1,U,U
1,N,Y,B,M,39,1,W,M
1,N,N,U,M,U,2,U,U
1,F,N,U,M,U,2,U,U
1,N,N,U,U,U,1,U,U
1,N,N,U,U,U,1,U,U
1,N,N,U,U,U,1,U,U
1,N,N,U,U,U,2,U,U
1,N,N,U,U,U,1,U,U
1,N,N,U,U,U,1,U,U
1,N,N,U,U,U,1,U,U
1,F,N,U,U,U,2,U,U
1,N,Y,U,U,U,1,U,U
1,N,N,U,U,U,3,U,U
1,N,N,U,U,U,1,U,U
1,F,N,U,U,U,1,U,U
1,F,N,U,U,U,1,U,U
1,N,Y,U,U,U,1,U,U
1,F,Y,U,U,U,2,U,U
1,F,Y,U,U,U,1,U,U
1,F,N,U,M,U,2,U,U
1,N,N,U,M,U,1,U,U
1,N,N,U,U,U,1,U,U
1,F,N,U,U,U,2,U,U
1,N,Y,U,M,U,1,U,U
1,F,Y,U,U,U,1,U,U
1,N,N,L,M,35,1,L,M
1,F,Y,L,U,U,2,L;A,M;M
1,N,N,B,U,U,2,L;A,M;M
1,N,Y,B,M,29,1,L,M
1,N,N,B,M,21,2,H;U,M;U
1,N,N,L,U,U,2,W;L,M;M
1,N,N,U,U,U,2,W;L,M;M
1,N,Y,L,M,28,3,W;W;L,M;M;M
1,N,Y,B,U,U,1,A,M
1,N,N,U,U,U,1,A,M
1,F,Y,B,M,26,2,W;U,M;U
1,N,N,L,M,40,1,L,M
1,N,Y,L,M,21,1,A,M
1,N,Y,A,U,U,2,B;B,M;M
1,N,Y,A,U,U,2,B;B,M;M
1,N,N,W,M,29,1,B,F
1,N,N,L,U,U,1,W,M
1,N,Y,L,U,U,1,W,M
1,N,Y,B,M,23,1,W,M
1,U,Y,B,M,U,1,W,M
1,F,N,W,M,47,1,W,F
1,N,N,U,U,U,1,B,M
1,F,N,U,U,U,1,B,M
1,N,N,B,M,47,1,B,F
1,F,N,L,M,21,1,W,M
1,N,N,B,M,28,1,L,M
1,N,Y,B,M,17,3,A;L;L,M;M;M
1,N,N,B,U,U,1,B,M
1,N,N,B,U,U,1,B,M
1,N,Y,L,M,23,1,L,M
1,N,N,B,M,23,2,W;W,M;M
1,F,Y,B,M,46,2,W;W,M;M
1,N,N,B,M,29,1,W,M
1,F,Y,B,M,26,1,W,M
1,F,Y,B,M,33,1,W,M
1,F,N,L,M,54,1,W,F
1,F,N,B,M,27,1,B,M
1,N,Y,L,M,44,1,B,M
1,F,Y,L,M,28,1,L,M
1,N,N,L,M,24,1,L,M
1,N,N,B,M,33,3,W;L;L,M;M;M
1,N,N,B,U,U,1,L,M
1,N,N,B,U,U,1,L,M
1,N,N,B,U,U,1,L,M
1,N,Y,B,U,U,1,L,M
1,N,Y,L,M,51,2,W;W,M;M
1,N,Y,B,M,17,1,L,M
1,N,U,B,U,U,1,W,M;M
1,N,U,B,U,U,1,W,M;M
1,F,Y,L,M,28,2,W;L,M;F
1,N,N,B,U,U,1,B,M
1,N,Y,B,U,U,1,B,M
1,N,Y,L,M,52,1,W,M
1,N,N,W,U,U,1,A,M
1,N,N,W,U,U,1,A,M
1,F,Y,W,U,U,4,W;L;W;W,M;M;M;M
1,N,N,W,U,U,4,W;L;W;W,M;M;M;M
1,N,N,W,M,30,1,W,M
1,N,Y,B,U,U,2,W;L,M;M
1,N,N,U,U,U,2,W;L,M;M
1,N,N,U,U,U,2,W;L,M;M
1,N,N,U,U,U,2,W;L,M;M
1,N,Y,B,U,U,1,L,M
1,N,Y,B,U,U,1,L,M
1,N,Y,B,M,23,1,W,M
1,N,Y,B,U,U,1,W,M
1,N,N,B,U,U,1,W,M
1,N,N,B,U,U,1,W,M
1,N,N,B,U,U,1,W,M
1,N,Y,B,U,U,1,W,M
1,N,Y,B,U,U,1,W,M
1,N,N,B,M,27,1,B,M
1,F,Y,W,M,34,1,W,M
1,N,N,B,U,U,1,L,M
1,N,N,B,U,U,1,L,M
1,F,Y,B,U,U,1,W,M
1,N,N,B,U,U,1,W,M
1,U,N,U,U,U,1,B,M
1,F,N,U,U,U,1,B,M
1,F,Y,L,M,36,2,B;W,M;M
1,N,Y,B,M,33,1,W,M
1,N,N,U,U,U,1,B,M
1,N,N,U,U,U,1,B,M
1,N,N,W,U,U,1,B,M
1,N,Y,W,M,22,1,L,M
1,N,N,L,U,U,2,B;W,M;M
1,N,N,W,U,U,2,B;W,M;M
1,N,Y,L,M,26,1,W,M
1,N,N,B,M,38,2,L;B,M;M
1,N,N,B,M,26,1,W,M
1,F,N,W,M,63,2,W;L,M;M
1,F,N,L,M,33,2,W;W,M;M
1,N,Y,L,M,22,1,L,M
1,F,Y,B,M,56,1,W,M
1,N,Y,U,M,U,1,W,M
1,N,Y,A,U,U,3,W;W;L,M;M;M
1,N,Y,B,U,U,3,W;W;L,M;M;M
1,N,Y,B,U,U,3,W;W;L,M;M;M
1,F,Y,U,U,U,1,L,M
1,N,Y,U,U,U,1,L,M
1,N,N,B,U,U,1,L,M
1,N,Y,L,U,U,2,L;W,M;M
1,N,N,L,U,U,2,L;W,M;M
1,N,Y,U,U,U,1,W,M
1,N,Y,L,M,20,1,A,M
1,N,N,L,M,19,1,L,M
1,N,N,L,M,22,1,B,M
1,N,Y,L,U,U,1,L,M
1,N,N,L,U,U,1,L,M
1,N,N,L,U,U,1,L,M
1,N,N,L,M,35,1,L,M
1,N,Y,L,M,34,1,L,M
1,N,N,U,U,U,1,W,M
1,N,Y,U,U,U,1,W,M
1,N,Y,L,M,26,2,B;L,M;M
1,N,N,B,M,47,1,B,M
1,F,Y,B,U,U,2,L;L,M;M
1,N,Y,B,U,U,2,L;L,M;M
1,N,Y,B,M,20,2,W;L,M;M
1,N,Y,W,M,49,1,W,M
1,F,Y,B,M,38,2,L;L,M;M
1,F,N,B,M,37,1,B,M
1,N,N,L,M,21,1,B,M
1,N,N,W,M,36,1,W,M
1,F,Y,B,M,69,1,W,M
1,N,N,W,M,U,1,B,M
1,F,N,B,M,26,1,L,M
1,F,Y,L,M,26,1,W,M
1,N,Y,B,U,U,1,W,M
1,N,N,B,U,U,1,W,M
1,N,N,B,U,U,1,W,M
1,N,Y,L,M,23,2,L;L,M;M
1,N,Y,B,M,23,1,L,M
1,N,N,B,N/A,U,1,A,N
1,N,Y,B,U,U,1,W,M
1,N,N,U,U,U,1,W,M
1,F,Y,B,M,24,2,W;W,M;M
1,N,Y,W,F,40,2,W;B,M;M
1,N,N,B,M,21,1,W,M
1,N,Y,B,U,U,3,L;W;W,M;M;M
1,N,N,B,U,U,3,L;W;W,M;M;M
1,F,Y,B,U,U,3,L;W;W,M;M;M
1,F,Y,W,M,27,1,W,M
1,N,N,W,M,55,1,B,M
1,N,Y,B,M,34,1,W,M
1,F,N,B,M,22,1,L,M
1,N,N,L,M,20,1,L,M
1,N,N,L,M,25,1,B,M
1,F,Y,B,U,U,2,W;W,M;M
1,F,Y,B,U,U,2,W;W,M;M
1,N,Y,B,U,U,2,W;W,M;M
1,N,N,B,M,21,1,W,M
1,N,Y,B,M,29,1,W,M
1,N,Y,B,M,37,1,L,M
1,N,Y,W,M,21,2,A;A,M;M
1,N,N,B,M,18,1,W,M
1,U,Y,B,M,U,1,B,M
1,N,Y,L,M,22,1,L,M
1,N,N,L,M,29,2,W;W,M;M
1,F,Y,L,M,19,1,L,M
1,N,N,B,U,U,1,L,M
1,N,N,L,U,U,1,L,M
1,N,N,L,U,U,1,L,M
1,N,N,L,U,U,1,L,M
1,N,N,L,U,U,1,L,M
1,N,N,B,U,U,1,L,M
1,N,Y,B,M,20,1,L,M
1,F,Y,B,F,20,1,A,M
1,N,Y,B,M,32,1,L,M
1,N,Y,B,M,43,1,W,M
1,N,Y,B,U,U,1,L,M
1,N,Y,B,U,U,1,L,M
1,F,N,W,M,24,1,B,M
1,N,N,U,U,U,1,W,M
1,N,N,B,M,41,1,W,M
1,U,N,B,M,U,1,B,M
1,F,Y,B,M,26,2,W;U,M;U
1,N,N,B,M,23,1,B,M
1,N,N,L,M,32,1,L,M
1,N,N,B,U,U,1,W,M
1,N,Y,B,U,U,1,W,M
1,N,Y,L,M,N/A,1,W,M
1,F,N,B,M,34,1,W,M
1,N,Y,B,M,32,1,L,M
1,N,Y,U,U,U,1,L,M
1,N,Y,B,U,U,1,L,M
1,F,N,W,M,32,1,L,M
1,N,N,B,U,U,1,W,M
1,N,N,U,U,U,1,W,M
1,N,Y,B,U,U,1,W,M
1,N,N,L,M,51,2,W;W,M;M
1,N,Y,B,M,69,1,B,M
1,F,N,U,U,U,1,L,M
1,N,N,U,U,U,1,L,M
1,F,N,L,U,U,1,W,M
1,N,N,L,U,U,1,W,M
1,N,N,B,M,41,1,B,M
1,N,N,L,U,U,3,A;L;B,M;M;M
1,N,Y,L,U,U,3,A;L;B,M;M;M
1,N,U,L,M,U,1,L,M
1,N,N,L,U,U,2,W;W,M;M
1,N,N,L,U,U,2,W;W,M;M
1,N,N,B,M,54,1,W,M
1,F,N,B,M,46,1,L,M
1,U,N,B,U,U,1,L,M
1,N,N,B,U,U,1,L,M
1,N,Y,B,M,31,1,B,M
1,F,N,B,M,26,1,A,M
1,N,Y,B,U,U,6,W;W;W;W;W;W,M;M;M;M;M;M
1,N,N,B,U,U,6,W;W;W;W;W;W,M;M;M;M;M;M
1,N,Y,B,U,U,6,W;W;W;W;W;W,M;M;M;M;M;M
1,F,N,B,U,U,6,W;W;W;W;W;W,M;M;M;M;M;M
1,F,Y,B,U,U,6,W;W;W;W;W;W,M;M;M;M;M;M
1,N,Y,B,U,U,6,W;W;W;W;W;W,M;M;M;M;M;M
1,F,Y,L,M,33,1,W,M
1,N,N,B,M,34,1,B,M
1,F,Y,B,M,21,1,W,M
1,N,N,B,M,38,1,L,M
1,N,Y,L,M,17,3,L;L;W,M;M;M
1,U,Y,B,M,U,1,L,M
1,N,Y,L,M,28,2,L;L,M;M
1,N,Y,B,M,44,2,W;W,M;M
1,N,N,U,N/A,N/A,1,W,M
1,U,U,U,U,U,1,W,M
1,F,Y,L,M,28,2,W;W,M;M
1,N,N,B,M,U,1,B,M
1,F,Y,L,M,24,1,L,M
1,U,Y,B,U,U,1,L,M
1,U,Y,B,U,U,1,L,M
1,N,N,B,M,30,1,L,M
1,F,N,B,M,42,2,L;W,M;M
1,N,N,L,F,29,1,L,M
1,N,Y,B,M,29,1,L,M
1,F,Y,B,M,28,1,W,M
1,F,Y,B,M,18,1,L,M
1,N,Y,U,U,U,1,W,M
1,N,Y,B,U,U,1,W,M
1,F,Y,B,U,U,1,W,M
1,N,Y,B,M,U,1,L,M
1,N,U,B,M,42,1,W,M
1,N,Y,B,M,37,1,L,M
1,N,Y,L,M,22,2 or More,L,M
1,N,Y,B,M,49,1,W,M
1,N,N,B,M,36,1,B,M
1,N,Y,A,M,30,2 or More,W,M
1,F,N,B,M,24,1,B,M
1,N,Y,B,M,37,2,B;B,M;M
1,N,Y,L,M,22,1,L,M
1,F,N,B,M,51,2,L;W,M;M
1,N,N,W,M,30,1,L,M
1,N,N,B,M,21,1,W,M
1,N,N,U,M,U,2,L;W,M;M
1,F,Y,L,M,25,1,W,M
1,N,Y,B,M,21,1,W,M
1,N,N,U,U,U,1,A,F
1,N,N,B,M,43,1,L,M
1,N,Y,L,M,60,2,L;L,M;M
1,N,Y,B,M,32,1,B,M
1,N,Y,B,M,30,2,W;U,M;U
1,N,Y,B,M,26,1,W,M
1,F,Y,B,M,39,4,W;W;W;W,M:M;M;M
1,N,Y,B,M,29,1,W,M
1,N,U,L,M,U,1,B,M
1,N,N,L,M,37,1,L,M
1,N,Y,L,U,U,1,L,M
1,N,Y,L,U,U,1,L,M
1,N,Y,L,M,23,1,W,M
1,N,Y,L,M,23,1,W,M
1,U,Y,L,M,36,1,L,M
1,N,N,W,M,27,2,W;W,M;M
1,N,N,B,U,U,1,B,M
1,N,Y,B,U,U,1,B,M
1,N,N,B,M,57,2,W;U,M;U
1,N,Y,B,M,24,2,W;B,M;M
1,N,N,U,U,U,1,L,M
1,N,Y,W,M,44,2,W;W,M;F
1,F,Y,L,M,40,1,W,M
1,F,Y,W,M,28,1,L,M
1,F,Y,B,M,35,1,L,M
1,U,Y,U,U,U,1,B,M
1,N,Y,B,M,23,1,L,M
1,N,Y,B,U,U,1,B,M
1,N,N,B,U,U,1,B,M
1,N,Y,B,M,32,2,W;A,M;M
1,N,N,B,M,26,1,L,M
1,N,N,U,U,U,1,A,M
1,N,N,B,U,U,1,A,M
1,N,Y,B,U,U,1,A,M
1,F,N,B,M,26,2,L;W,M;M
1,N,Y,L,U,U,1,L,M
1,N,N,L,U,U,1,L,M
1,N,N,L,U,U,1,L,M
1,N,N,L,U,U,1,L,M
1,N,N,L,U,U,1,W,M
1,N,N,W,U,U,1,W,M
1,N,N,L,M,26,3,W;W:W,M;M;M
1,N,Y,W,U,U,1,W,M
1,N,N,W,U,U,1,W,M
1,N,N,W,U,U,1,W,M
1,N,N,B,M,34,2,W;U,M;M
1,N,Y,B,M,31,1,B,M
1,N,Y,B,M,35,1,L,M
1,N,N,B,M,U,1,B,F
1,F,N,W,M,45,1,L,M
1,N,N,B,M,25,2,W;W,M;M
1,N,N,L,M,25,1,L,M
1,N,N,W,M,37,1,W,M
1,F,Y,L,M,55,1,W,M
1,N,Y,B,U,U,1,B,M
1,N,Y,B,U,U,1,B,M
1,F,Y,W,M,46,5,B;W;W;W;W,M;M;M;M;M
1,N,N,W,M,24,1,W,M
1,F,Y,W,M,32,2,L;A,M;M
1,N,U,W,M,59,1,W,M
1,F,U,B,M,30,2,W;W,M;M
1,N,U,B,M,25,2,W;W,M;M
1,N,U,B,M,27,1,W,M
1,F,U,B,M,23,1,W,M
1,U,U,B,M,29,1,W,F
1,F,U,B,M,U,2,B;B,M;M
1,N,U,W,M,25,1,W,M
1,F,U,B,M,24,2,W;W,M;M
1,F,U,W,M,21,1,W,M
1,N,U,B,M,32,3,W;W;B,M;M;M
1,N,U,W,U,U,1,W,M
1,N,U,W,U,U,1,W,M
1,N,Y,B,M,28,3,W;W;W,M;M;M
1,F,Y,W,M,29,2,W;W,M;M
1,N,Y,B,M,26,2,W;W,M;M
1,N,U,B,M,20,1,W,M
1,U,Y,B,M,23,2,W;W,M;M
1,N,N,L,M,25,1,W,M
1,N,Y,W,M,46,3,W;W;W,M;M;M
1,N,N,B,M,27,1,W,M
1,N,Y,W,M,47,1,U,M
1,F,Y,W,M,23,6,W;W;A;W;W;W,M;M;F;M;M;F
1,F,Y,B,M,15,3,W;W;B,M;M;M
1,N,Y,B,M,32,1,W,M
1,F,U,W,M,34,2,W;W,M;M
1,N,Y,B,M,17,1,W,M
1,F,U,B,M,34,2,W;W,M;M
1,F,N,B,M,25,2,W;W,M;M
1,N,U,W,M,36,1,W,M
1,F,Y,B,M,30,1,W,M
1,F,N,B,M,45,1,W,M
1,U,N,W,M,19,1,W,M
1,N,Y,W,M,31,1,W,M
1,N,Y,W,M,31,2,B;B,M;M
1,N,U,B,M,24,1,W,M
1,F,Y,B,M,27,1,B,M
1,F,Y,W,M,56,1,W,M
1,N,U,W,F,31,1,W,F
1,F,Y,B,M,22,1,W,M
1,N,U,B,U,U,1,W,M
1,N,U,B,U,U,1,W,M
1,N,Y,B,M,21,1,W,M
1,N,Y,B,M,29,1,W,M
1,F,U,B,M,U,1,W,M
1,N,U,B,M,23,1,B,M
1,N,N,W,M,37,1,W,M
1,N,Y,B,U,U,1,W,M
1,U,Y,B,U,U,1,W,M
1,N,N,B,M,42,1,W,M
1,N,U,W,M,34,1,W,M
1,F,U,W,M,24,1,W,M
1,U,N,W,M,51,2,B;W,M;M
1,F,U,B,M,35,1,W,M
1,N,N,B,U,U,3,W;W;W,M;M;M
1,N,N,B,U,U,3,W;W;W,M;M;M
1,N,U,W,M,17,1,W,M
1,F,U,W,M,29,3,W;W;W,M;M;M
1,N,U,B,U,U,1,W,M
1,U,U,U,U,U,1,W,M
1,N,U,B,M,25,1,W,Male
1,N,N,B,M,27,1,W,M
1,N,N,W,M,23,1,W,M
1,F,Y,B,M,37,1,W,M
1,N,Y,B,M,23,1,B,M
1,N,Y,L,M,37,1,W,M
1,F,U,W,M,41,1,B,M
1,N,U,W,M,18,4,W;W;W;W,M;M;M;M
1,N,Y,B,F,20,1,W,M
1,N,U,B,M,18,1,W,M
1,F,Y,B,M,32,16,B;W;W;W;B;W;W;W;W;W;B;W;W;W;W;W,M;M;M;M;M;M;M;M;M;M;M;M;M;M;M;M
1,F,U,W,M,28,6,W;W;W;W;W;W,M;M;M;M;M;M
1,F,Y,B,M,21,2,W;W,M;M
1,N,U,B,M,48,1,W,M
1,F,U,B,M,34,1,W,M
1,N,U,B,M,33,1,W,M
1,F,U,B,M,24,1,W,M
1,N,U,B,M,22,2,W;W,M;M
1,N,U,B,M,18,1,W,M
1,F,Y,B,M,30,1,,U
1,N,Y,B,M,26,1,,U
1,N,U,B,M,35,1,,U
1,F,Y,B,M,28,1,,U
1,N,Y,B,M,28,2,,U
1,F,Y,B,M,40,1,,U
1,F,N,B,M,36,1,,U
1,F,Y,W,M,56,1,,U
1,F,Y,B,M,24,1,,U
1,F,Y,W,M,55,1,,U
1,N,U,B,M,24,1,,U
1,F,Y,W,M,59,2,,U
1,N,Y,W,M,45,4,,U
1,F,N,W,M,29,1,,U
1,N,Y,B,M,65,1,,U
1,F,N,B,M,23,1,W,M
1,N,Y,B,M,20,U,,U
1,N,N,B,M,14,1,W,M
1,N,N,B,M,17,1,,U
1,F,U,B,M,28,2,,U
1,N,N,W,M,U,1,W,M
1,N,N,B,M,24,1,W,M
1,N,Y,B,M,16,2,W;B,M;M
1,N,Y,B,M,U,1,B,M
1,N,Y,L,M,19,3,B;H;H,M;M;M
1,F,N,B,M,17,2,,U
1,N,N,B,M,26,1,W,M
1,F,N,B,M,38,1,,U
1,N,Y,B,M,19,1,W,M
1,F,Y,B,M,23,2,,U
1,F,Y,B,M,29,1,,U
1,N,Y,L,M,28,1,,U
1,F,U,B,M,16,1,,U
1,N,Y,B,M,40,1,,U
1,F,Y,B,M,21,1,,U
1,N,Y,B,M,31,1,W,M
1,N,N,B,U,U,5,,U
1,N,N,B,U,U,5,,U
1,F,U,B,U,U,5,,U
1,F,N,W,M,33,2,,U
1,N,N,B,M,22,1,,U
1,N,N,W,M,28,1,,U
1,N,U,B,M,31,1,,U
1,N,Y,B,M,23,1,,U
1,F,N,W,M,41,3,,U
1,F,N,W,M,19,2,B;H,M;M
1,N,N,B,M,17,1,,U
1,F,N,B,M,23,1,W,M
1,N,Y,B,U,U,1,,U
1,F,Y,B,U,U,1,,U
1,F,Y,B,M,28,2,,U
1,F,U,B,M,32,1,,U
1,N,Y,B,M,24,1,B,M
1,N,N,W,M,41,1,,U
1,N,N,B,M,26,1,W,M
1,F,Y,W,M,37,2,W;W,M;M
1,F,U,W,M,33,3,,U
1,F,Y,W,M,29,1,W,M
1,F,U,B,M,28,1,,U
1,F,Y,B,M,34,1,W,M
1,N,Y,B,M,22,1,,U
1,F,N,B,M,33,1,,U
1,N,N,B,M,27,1,,U
1,N,Y,B,M,27,1,,U
1,F,Y,W,M,20,3,,U
1,F,N,B,M,28,3,,U
1,N,N,U,U,U,NA,,U
1,N,N,U,U,U,NA,,U
1,N,N,U,U,U,NA,,U
1,N,Y,U,U,U,NA,,U
1,N,N,U,U,U,NA,,U
1,F,Y,U,U,U,NA,,U
1,F,Y,U,U,U,NA,,U
1,N,N,U,U,U,NA,,U
1,F,Y,U,U,U,NA,,U
1,N,Y,U,U,U,NA,,U
1,N,Y,U,U,U,NA,,U
1,N,Y,U,U,U,NA,,U
1,N,Y,U,U,U,NA,,U
1,F,N,U,U,U,NA,,U
1,F,Y,U,U,U,NA,,U
1,F,N,U,U,U,NA,,U
1,N,N,U,U,U,NA,,U
1,N,Y,U,U,U,NA,,U
1,N,Y,W,M,U,1,W,M
1,F,N,U,M,U,1,W,M
1,F,Y,W,M,U,3,W;W;W,M;M;M
1,N,N,B,F,U,1,B,M
1,N,Y,W,M,U,2,W;B,M;M
1,N,N,L,M,U,1,W,F
1,U,U,U,U,U,1,W,M
1,N,Y,B,M,U,2,W;W,M;M
1,F,N,B,M,U,1,W,F
1,F,N,B,M,U,1,W,M
1,N,Y,W,M,U,1,W,M
1,U,N,B,M,U,1,W,M
1,F,Y,W,M,U,1,W,M
1,F,Y,W,M,U,1,W,M
1,N,Y,B,M,U,2,W;W,M;M
1,N,Y,W,M,U,1,W,M
1,U,Y,B,M,U,1,W,M
1,F,Y,U,U,U,NA,,U
1,N,Y,B,M,U,1,W,M
1,N,Y,U,U,U,NA,,U
1,N,N,U,U,U,NA,,U
1,N,N,W,M,U,1,m/m,M
1,N,N,W,M,U,1,W,M
1,U,Y,B,M,U,2,B;W,M;M
1,N,Y,U,U,U,NA,,U
1,N,Y,U,U,U,NA,,U
1,N,U,U,U,U,NA,,U
1,F,Y,W,M,U,1,W,M
1,N,Y,U,U,U,NA,,U
1,F,Y,U,U,U,NA,,U
1,N,Y,B,M,U,1,W,M
1,F,Y,B,M,U,1,W,M
1,N,Y,U,U,U,NA,,U
1,N,N,U,U,U,NA,,U
1,F,N,U,U,U,NA,,U
1,F,Y,U,M,U,2,W;W,M;M
1,F,N,U,U,U,NA,,U
1,F,N,U,U,U,NA,,U
1,F,N,U,U,U,NA,,U
1,N,Y,B,M,U,2,W;W,M;M
1,F,N,U,U,U,NA,,U
1,F,Y,U,U,U,NA,,U
1,N,N,U,U,U,NA,,U
1,N,Y,U,U,U,NA,,U
1,N,Y,U,U,U,NA,,U
1,N,N,U,U,U,NA,,U
1,F,N,W,M,U,2,W;W,M;M
1,N,N,W,F,U,1,W,M
1,F,Y,W,M,U,2,W;W,M;M
1,N,Y,W,F,U,1,W,M
1,F,Y,U,U,U,NA,,U
1,N,Y,B,M,U,1,B,M
1,N,N,U,U,U,NA,,U
1,N,N,W,M,U,1,B,M
1,N,Y,U,U,U,NA,,U
1,N,N,U,U,U,NA,,U
1,N,N,U,U,U,NA,,U
1,F,Y,U,U,U,NA,,U
1,F,Y,U,U,U,NA,,U
1,N,Y,U,U,U,NA,,U
1,U,N,B,M,U,1,B,M
1,U,Y,B,M,U,1,W,M
1,N,Y,U,U,U,NA,,U
1,F,Y,B,M,U,2,W;W,M;M
1,N,N,W,M,U,1,W,M
1,N,Y,U,U,U,NA,,U
1,N,U,L,M,U,1,H,M
1,N,U,B,M,U,1,H,M
1,N,U,B,M,U,1,W,M
1,N,Y,B,M,U,1,B,M
1,F,N,L,M,U,1,H,M
1,N,U,B,M,U,1,H,M
1,N,U,W,M,U,1,W,M
1,N,U,L,M,U,2,H;B,M;M
1,F,Y,B,M,U,1,H,M
1,N,U,L,M,U,1,H,M
1,N,U,B,M,U,3,W;W;H,M;M;M
1,F,U,B,M,U,6,W;W;W;W;W;H,M;M;M;M;M;M
1,F,Y,L,M,U,2,H;H,M;M
1,N,Y,B,M,U,1,H,M
1,N,U,B,M,U,1,H,M
1,N,U,B,M,U,1,W,M
1,N,Y,L,M,U,1,W,M
1,F,U,B,M,U,1,W,M
1,N,U,B,M,U,1,A,M
1,F,U,B,M,U,1,H,M
1,F,U,L,M,U,15,W;W;W;W;W;W;W;W;W;H;H;H;A;A;B,M;M;M;M;M;M;M;M;M;M;M;M;M;M;M
1,N,N,W,M,25,1,H,M
1,F,U,L,M,U,2,H;H,M;M
1,N,U,L,M,U,1,W,M
1,F,U,L,M,U,4,W;W;H;H,M;M;M;M
1,F,U,L,M,U,2,H;H,M;M
1,F,U,W,M,U,2,O;W,M;M
1,N,Y,U,U,U,1,W,M
1,F,N,B,M,51,1,H,M
1,N,U,L,M,U,1,W,M
1,N,U,L,M,U,1,H,M
1,N,U,B,M,U,1,H,M
1,N,U,W,M,U,2,H;H,M;M
1,F,U,L,M,U,3,H;H;H,M;M;M
1,F,Y,L,M,35,3,H;H;O,M;M;M
1,F,N,L,M,18,1,H,M
1,F,U,L,M,U,2,H;H,M;M
1,N,U,B,M,U,2,W;H,F;M
1,N,Y,U,M,U,2,U,U
1,F,N,L,M,47,2,W;W,M;M
1,N,Y,L,M,U,1,H,M
1,N,U,L,M,U,2,H;H,M;M
1,N,U,B,M,U,1,H,M
1,F,N,L,M,64,1,H,M
1,F,N,L,M,26,1,H,M
1,F,Y,L,M,U,4,H;H;H;H,M;M;M;M
1,N,U,B,M,U,2,H;H,M;M
1,F,N,O,M,19,8,H;H;H;H;W;W;W;O,M;M;M;M;M;M;M;M
1,N,U,B,M,U,1,H,M
1,N,Y,W,M,U,1,W,M
1,N,U,W,M,U,9,H;H;H;H;W;W;W;B;A,M;M;M;M;M;M;M;M;M
1,N,Y,U,M,U,9,U;U;U;U;U;U;U;U;U,U
1,F,N,B,M,28,2,U;U,U
1,N,Y,L,M,U,2,H;H,M;M
1,F,U,B,M,U,3,A;B;W,M;M;M
1,N,Y,B,M,U,1,H,M
1,N,Y,L,M,18,2,W;W,M;M
1,F,Y,U,M,U,3,U,U
1,N,Y,L,M,37,6,A;H;H;W;W;W,M;M;M;M;M;M
1,N,U,B,M,U,1,W,M
1,N,U,L,M,U,2,O;W,M;M
1,N,U,U,U,U,8,U;U;U;U;U;U;U;U,U
1,N,U,U,U,U,8,U;U;U;U;U;U;U;U,U
1,N,Y,W,M,U,2,H;H,M;M
1,N,U,L,F,U,8,H;H;H;H;H;B;B;W,M;M;M;M;M;M;M;M
1,F,U,L,M,U,1,H,M
1,N,Y,L,M,U,2,W;H,M;M
1,N,Y,W,M,U,1,W,M
1,N,U,B,F,U,1,H,M
1,N,N,L,M,U,1,H,M
1,N,Y,L,M,U,1,H,M
1,F,N,B,M,U,1,H,M
1,F,N,L,M,U,2,H;W,M;M
1,F,N,W,M,U,2,W;H,M;M
1,F,Y,B,M,U,1,W,M
1,F,Y,B,M,29,2,H;H,F;M
1,F,Y,B,M,50,2,H;H,M;M
1,F,U,L,M,U,7,H;H;H;H;H;H;B,F;M;M;M;M;M;M
1,N,U,B,M,U,1,H,M
1,F,N,L,M,U,1,H,M
1,F,U,B,M,U,2,A;H,M;M
1,F,Y,B,M,21,1,W,M
1,N,U,B,M,U,1,W,M
1,F,N,B,M,U,3,A;H;H,M;M;M
1,N,U,L,M,U,1,H,M
1,F,U,W,M,45,2,W;W,M;M
1,N,U,W,M,U,1,W,M
1,N,Y,U,M,U,NA,,U
1,F,N,L,M,U,1,W,M
1,N,U,L,M,U,1,A,M
1,F,U,B,M,U,1,B,M
1,F,N,B,M,U,2,H;H,M;M
1,N,Y,B,M,U,2,W;A,M;M
1,F,U,L,M,U,4,H;H;H;A,M;M;M;M
1,N,U,L,M,U,3,H;H;H,M;M;M
1,F,N,W,M,U,1,B,M
1,F,U,L,M,U,2,H;W,F;M
1,N,N,B,M,15,1,H,M
1,N,U,A,M,U,2,B;H,M;M
1,N,Y,L,M,U,1,W,M
1,F,N,B,F,U,1,H,M
1,F,N,B,M,U,1,H,M
1,N,N,B,M,U,2,B;A,F;M
1,F,Y,L,M,16,1,W,M
1,N,Y,B,M,39,1,O,M
1,N,U,O,M,U,2,H;H,M;M
1,N,U,L,M,U,1,W,M
1,F,U,L,M,U,2,H;H,M;M
1,F,U,L,M,U,2,H;B,M;M
1,F,U,L,M,U,1,H,M
1,N,U,L,M,U,2,H;W,M;M
1,F,Y,L,M,U,1,H,M
1,N,U,O,M,U,1,H,M
1,F,U,L,M,U,1,H,M
1,F,Y,B,M,31,1,W,M
1,N,U,B,M,U,1,H,M
1,F,U,B,M,U,1,B,M
1,F,Y,B,M,U,1,A,M
1,N,Y,L,M,U,2,W;H,M;M
1,N,U,A,M,U,1,W,M
1,N,Y,B,M,U,1,H,M
1,F,U,L,M,U,2,W;W,M;M
1,N,Y,B,M,U,1,B,M
1,F,U,L,M,U,2,H;W,M;M
1,F,U,L,M,U,2,H;H,M;M
1,F,Y,L,M,U,1,W,M
1,N,U,B,M,U,2,H;W,M;M
1,N,U,B,M,U,1,W,M
1,N,U,B,M,U,1,W,M
1,F,U,W,M,U,1,H,M
1,F,U,B,M,U,2,W;H,M;M
1,N,N,B,M,21,1,B,M
1,N,U,O,M,U,1,H,F
1,N,U,L,M,U,1,H,M
1,F,U,L,M,U,9,H;H;H;H;H;W;W;W;A,F;M;M;M;M;M;M;M;M
1,F,U,W,M,U,1,H,M
1,N,U,L,M,U,1,H,M
1,N,U,L,M,U,1,W,M
1,N,U,B,M,U,2,H;H,M;M
1,N,Y,L,M,U,1,H,M
1,N,U,B,M,U,1,W,M
1,F,Y,U,M,49,1,U,U
1,N,U,B,M,U,1,H,M
1,N,U,L,M,U,1,W,M
1,N,U,W,M,U,1,W,M
1,N,U,L,M,U,1,H,M
1,N,U,B,M,U,1,O,M
1,N,U,L,M,U,1,H,M
1,N,U,L,M,U,1,W,M
1,F,Y,W,M,U,1,A,M
1,N,U,B,F,U,1,A,M
1,F,Y,L,M,U,2,H;H,M;M
1,F,U,B,M,U,1,O,M
1,F,U,B,M,U,5,W;W;W;W;B,M;M;M;M;M
1,N,U,L,M,U,1,A,M
1,F,U,L,M,U,1,W,M
1,F,Y,L,M,U,2,H;W,M;M
1,N,U,L,M,U,2,H;W,M;M
1,F,U,L,M,U,1,H,M
1,F,Y,U,M,U,1,U,U
1,N,Y,W,M,U,2,H;W,M;M
1,F,N,W,M,U,3,H;H;H,M;M;M
1,N,Y,L,M,23,1,H,M
1,N,N,L,M,13,1,H,M
1,F,Y,L,M,U,2,H;H,M;M
1,F,Y,B,M,20,1,H,M
1,F,N,L,M,U,1,H,M
1,N,Y,B,M,U,1,H,M
1,N,U,L,M,U,1,H,M
1,F,U,L,M,U,13,W;W;W;W;H;H;H;H;H;H;H;H;A,M;M;M;M;M;M;M;M;M;M;M;M;M
1,F,U,B,M,U,3,B;W;W,M;M;M
1,N,N,L,M,U,1,H,M
1,N,Y,W,F,U,2,H;H,M;M
1,N,Y,B,M,U,1,W,M
1,N,Y,B,M,U,1,H,M
1,N,U,B,M,U,1,W,M
1,N,Y,L,M,U,2,A;H,M;M
1,N,N,W,M,U,1,W,M
1,F,U,A,M,U,1,H,M
1,N,N,B,M,22,2,H;H,M;M
1,N,Y,L,M,U,2,H,M
1,N,U,B,M,U,1,A,M
1,N,U,B,F,U,1,H,M
1,F,Y,L,M,21,1,H,M
1,F,U,W,M,U,1,W,M
1,F,U,W,M,U,3,H;H;O,M;M;M
1,N,U,L,M,U,1,H,M
1,N,U,L,M,U,1,H,M
1,N,U,B,M,U,3,H;H;H,M;M;M
1,F,Y,A,M,22,11,H;H;H;H;H;H;H;H;H;H;W,F;M;M;M;M;M;M;M;M;M;M
1,N,U,L,M,U,1,H,M
1,F,N,L,M,26,1,H,M
1,F,U,L,M,U,1,H,M
1,N,U,B,M,U,2,H;W,M;M
1,N,U,W,M,U,2,H;H,M;M
1,N,U,B,F,U,2,H;W,M;M
1,N,Y,L,M,U,1,H,M
1,N,U,B,M,U,3,W;H;H,M;M;M
1,N,U,B,U,U,1,H,M;M
1,N,U,B,U,U,1,H,M;M
1,N,U,L,M,U,3,H;H;H,M;M;M
1,F,Y,L,M,U,1,H,M
1,N,Y,B,M,38,2,H;B,M;M
1,N,Y,B,M,29,1,W,M
1,N,U,L,M,U,1,H,M
1,F,Y,L,M,U,4,H;H;W;O,M;M;M;M
1,F,N,B,M,27,2,H;H,M;M
1,F,U,O,M,U,3,H;H;W,M;M;M
1,F,Y,W,M,U,1,W,M
1,N,Y,L,M,26,2,H;H,M;M
1,N,Y,B,M,U,1,H,M
1,F,U,W,M,U,4,H;H;H;W,M;M;M;M
1,F,Y,L,M,U,2,H;W,F;M
1,N,U,L,M,U,1,H,M
1,F,U,L,M,U,1,B,M
1,N,U,W,M,U,1,H,M
1,F,N,A,M,U,1,W,M
1,N,U,L,M,U,1,H,M
1,N,Y,L,M,U,1,H,M
1,F,N,L,M,U,3,H;H;H,M;M;M
1,F,N,L,M,U,1,O,F
1,N,N,L,M,U,1,H,M
1,F,U,L,M,U,2,H;W,M;M
1,N,U,L,M,U,1,H,M
1,F,U,B,F,U,3,W;W;W,M;M;M
1,N,Y,U,M,40,1,U,U
1,N,Y,U,M,U,NA,U,U
1,N,U,B,M,U,1,H,F
1,N,U,B,M,U,1,W,M
1,F,U,A,M,U,2,W;H,M;M
1,F,Y,L,M,28,1,H,M
1,N,Y,L,M,22,1,H,M
1,F,Y,B,M,25,1,W,M
1,N,N,L,M,U,3,W;H;H,M;M;M
1,N,Y,B,M,U,1,H,F
1,F,N,L,M,U,2,H;H,M;M
1,N,U,W,M,U,1,B,M
1,F,U,L,M,U,1,H,M
1,N,U,L,M,U,2,H;H,M;M
1,F,U,W,M,U,2,H;H,M;M
1,N,U,B,M,U,1,H,M
1,N,Y,L,M,U,1,W,M
1,N,Y,U,M,33,1,U,U
1,N,U,W,M,U,1,H,M
1,F,N,L,M,21,1,H,M
1,F,Y,L,M,U,2,H;A,M;M
1,N,U,L,M,U,1,H,M
1,F,U,L,M,U,11,B;H;H;H;H;H;H;W;W;W;W,M;M;M;M;M;M;M;M;M;M;M
1,N,U,L,M,U,1,B,M
1,N,U,L,M,U,6,W;W;W;W;H;H,M;M;M;M;M;M
1,N,U,L,M,U,1,H,M
1,N,U,B,M,U,1,H,M
1,N,U,B,M,U,1,A,M
1,F,U,L,M,U,4,H;H;H;O,M;M;M;M
1,N,Y,B,M,U,4,H;B;W;A,M;M;M;M
1,N,Y,B,M,U,2,H;H,M;M
1,N,Y,B,M,33,8,H;H;H;H;H;H;H;W,M;M;M;M;M;M;M;M
1,F,Y,B,M,U,3,W;W;A,M;M;M
1,N,U,L,M,U,1,H,M
1,N,U,L,M,U,1,H,M
1,N,Y,L,M,U,1,H,M
1,F,Y,L,M,U,5,H;H;H;W;W,F;M;M;M;M
1,N,Y,B,M,26,1,W,M
1,N,U,B,M,U,1,W,M
1,N,U,L,M,U,1,W,M
1,F,N,W,M,41,1,W,M
1,N,U,B,M,U,1,B,M
1,F,U,L,M,U,15,W;W;W;W;W;W;H;H;H;H;H;H;B;A;O,M;M;M;M;M;M;M;M;M;M;M;M;M;M;M
1,F,Y,L,M,37,2,H;H,M;M
1,U,U,L,U,U,1,U,U
1,U,U,L,U,U,1,U,U
1,F,U,L,M,U,2,H;H,M;M
1,N,Y,W,M,49,1,W,M
1,F,U,W,M,U,1,H,M
1,F,U,L,M,U,1,W,M
1,F,U,L,F,U,1,H,M
1,N,U,W,M,U,1,H,M
1,F,Y,W,M,U,3,W;W;W,M;M;M
1,N,Y,U,M,40,1,U,U
1,F,Y,L,M,U,1,W,M
1,F,U,B,M,U,3,H;H;H,M;M;M
1,N,Y,W,F,U,2,W;O,M;M
1,N,U,U,U,U,1,B,M
1,N,U,B,M,U,1,H,M
1,F,U,L,M,U,1,H,M
1,F,U,L,M,U,1,H,M
1,N,Y,O,M,U,1,H,M
1,N,U,B,M,U,2,W;O,F;M
1,F,U,B,M,U,1,H,M
1,N,Y,L,M,U,2,W;H,M;M
1,F,U,B,M,U,13,W;W;W;W;W;H;H;H;H;H;A;A;A,M;M;M;M;M;M;M;M;M;M;M;M;M
1,N,U,B,M,U,1,H,M
1,F,Y,L,M,U,2,W;W,F;M
1,F,U,B,M,U,4,H;H;H;W,M;M;M;M
1,N,U,W,M,U,1,W,M
1,N,N,B,M,U,1,O,F
1,N,Y,L,M,U,1,H,M
1,F,U,B,M,U,1,H,M
1,N,U,B,M,U,2,H;W,M;M
1,F,N,L,M,U,1,W,M
1,F,U,L,M,U,1,W,M
1,F,Y,L,M,U,6,H;A;W;W;W;W,M;M;M;M;M;M
1,F,Y,L,M,U,2,H;H,F;M
1,N,U,B,M,U,2,W;B,M;M
1,F,Y,L,M,39,1,H,M
1,N,U,B,M,U,1,H,M
1,N,N,L,M,U,1,H,M
1,F,Y,B,M,U,1,H,M
1,F,Y,L,M,U,1,H,M
1,N,U,L,M,U,2,W;W,M;M
1,F,Y,L,M,U,7,W;W;W;W;W;H;H,M;M;M;M;M;M;M
1,N,U,L,M,U,1,B,M
1,N,U,L,M,U,1,H,M
1,F,N,L,F,U,2,W;H,M;M
1,F,U,W,M,U,2,O;O,M;M
1,N,N,L,M,36,1,H,M
1,F,Y,U,M,48,2,U;U,M;M
1,F,Y,L,M,54,4,U;U;U;U,M;F;M;F
1,F,Y,L,M,24,1,U,M
1,F,Y,U,M,25,4,U;U;U;U,M;M;M;M
1,F,Y,U,M,53,1,U,M
1,F,Y,U,M,24,3,U;U;U,M;M;M
1,N,Y,U,M,U,2,U;U,M;M
1,N,N,U,M,22,1,U,M
1,N,Y,U,M,41,2,U,M;M
1,N,N,W,M,49,2,U;U,M;M
1,N,Y,W,M,29,1,U,M
1,F,Y,W,M,26,3,U;U;U,M;M;M
1,N,N,L,U,U,3,U;U;U,M;M;M 
1,N,N,L,U,U,3,U;U;U,M;M;M 
1,F,Y,L,U,U,3,U;U;U,M;M;M 
1,N,N,L,M,27,1,B,M
1,N,U,U,U,U,NA,,U
1,N,Y,W,M,29,3,U;U;U,M;M;U
1,U,Y,W,M,31,2,U;U,M;U
1,F,Y,U,M,41,1,U,M
1,F,Y,U,M,31,5,U;U;U;U;U,M;M;M;M;U
1,N,Y,U,U,U,3,U;U;U,M;M;M
1, N,Y,U,U,U,3,U;U;U,M;M;M
1,N,N,W,M,32,3,U;U;U,M;M;F
1,N,Y,U,U,U,2,U;U,M;M
1,N,Y,U,U,U,2,U;U,M;M
1,F,N,U,M,U,2,U;U,M;M
1,N,Y,B,M,21,2,U;U,M;M
1,F,Y,W,M,55,6,U;U;U;U;U;U,M;M;M;M;M;F
1,N,Y,U,M,27,2,U;U,M;U
1,F,Y,U,M,22,2,U;U,M;M
1,N,Y,U,M,22,2,U;U,M;M
1,F,N,U,M,50,4,U;U;U;U,M;M;M;M
1,N,Y,B,U,U,3,U;U;U,M;U;U
1,N,Y,U,U,U,3,U;U;U,M;U;U
1,N,Y,U,U,U,3,U;U;U,M;U;U
1,N,Y,U,M,34,1,U,M
1,F,Y,U,M,29,2,U,M;M
1,F,N,L,M,50,2,U;U,M;M
1,F,Y,W,M,21,4,U;U;U;U,M;M;M;M
1,F,Y,W,M,44,2,U;U,M;M
1,N,N,U,M,42,2,U;U,M;U
1,F,Y,W,M,58,1,U,M
1,N,N,U,F,51,1,U,F
1,N,Y,U,M,31,4,U;U;U;U,M;M;M;M
1,F,Y,U,M,33,2,U;U,M;F
1,F,Y,B,F,50,5,U;U;U;U;U,M;U;M;M;M
1,N,U,U,U,U,NA,,U
1,F,Y,U,M,47,4,U;U;U;U,M;U;M;M
1,N,Y,B,M,19,1,U,M
1,N,N,U,M,30,1,U,M
1,F,N,L,M,36,3,U;U;U,M;M;M
1,F,Y,U,M,31,2,U;U,M;M
1,F,N,U,F,24,1,U;U,M;M
1,N,Y,U,M,30,1,U,M
1,N,Y,U,M,32,2,U;U,M;M
1,F,N,U,M,23,3,U;U;U,M;M;M
1,N,Y,U,M,19,1,U,M
1,N,Y,W,M,52,6,U;U;U;U;U;U,M;M;M;M;F;M
1,F,N,A,M,36,4,U;U;U;U,M;M;M;M
1,F,Y,U,M,U,3,U;U;U,M;M;M
1,F,Y,U,U,U,2,U;U,M;M
1,N,Y,U,U,U,2,U;U,M;M
1,F,Y,U,M,57,4,U;U;U;U,M;M;U;U
1,N,Y,U,F,30,1,U,M
1,F,Y,U,M,25,2,U;M,M;U
1,F,Y,W,F,50,4,U;U;U;U,M;M;U;M
1,N,U,U,U,U,NA,,U
1,F,Y,W,M,52,3,U;U;U,M;F;F
1,N,N,U,M,18,2,U,M;U
1,F,N,W,M,23,3,U;U;U,M;M;M
1,F,N,W,M,32,3,U;U;U,M;M;M
1,F,Y,B,M,37,1,U,M
1,F,N,U,M,32,3,U;U;U,M;M;M
1,N,Y,U,M,37,2,U;U ,M;U
1,F,Y,U,F,48,4,U;U,M;M;U;U
1,F,Y,U,M,U,2,U;U,M;U
1,N,U,U,U,U,NA,,U
1,N,Y,L,U,U,1,U,M
1,N,N,L,U,U,1,U,M
1,N,Y,U,M,38,2,U;M,M;U
1,N,Y,U,M,46,2,U;U,M;U
1,N,N,W,M,46,4,U;U;U;U,M;M;M;M
1,F,N,U,M,U,6,U;U;U;U;U;U,M;M
1,N,U,U,U,U,NA,,U
1,N,U,U,U,U,NA,,U
1,N,U,U,U,U,NA,,U
1,N,U,U,U,U,NA,,U
1,N,U,U,U,U,NA,,U
1,N,U,U,U,U,NA,,U
1,N,U,U,U,U,NA,,U
1,N,U,U,U,U,NA,,U
1,N,U,U,U,U,NA,,U
1,N,U,U,U,U,NA,,U
1,N,U,U,U,U,NA,,U
1,N,U,U,U,U,NA,,U
1,N,U,U,U,U,NA,,U
1,N,U,U,U,U,NA,,U
1,N,U,U,U,U,NA,,U
1,N,U,U,U,U,NA,,U
1,N,U,U,U,U,NA,,U
1,N,U,U,U,U,NA,,U
1,F,U,U,U,U,NA,,U
1,F,U,U,U,U,NA,,U
1,F,U,U,U,U,NA,,U
1,F,U,U,U,U,NA,,U
1,F,U,U,U,U,NA,,U
1,N,U,U,U,U,NA,,U
1,N,U,U,U,U,NA,,U
1,N,U,U,U,U,NA,,U
1,N,U,U,U,U,NA,,U
1,N,U,U,U,U,NA,,U
1,F,U,U,U,U,NA,,U
1,N,U,U,U,U,NA,,U
1,N,U,U,U,U,NA,,U
1,F,U,U,U,U,NA,,U
1,N,N,W,F,39,1,W,M
1,N,N,B,M,22,1,B,M
1,N,N,B,M,19,1,W,M
1,F,Y,B,M,30,1,W,M
1,F,Y,B,F,39,4,W;W:B;W,M;M;M;M
1,N,Y,B,U,U,2,W,M
1,N,Y,B,U,U,2,W,M
1,F,N,W,M,18,2,W;W,M;M
1,F,N,B,M,57,2,W;W,M;M
1,F,Y,W,M,38,2,W;W,M;M
1,N,Y,B,M,24,1,W,F
1,F,Y,B,M,25,2,W;B,M;M
1,N,N,W,M,36,1,W,M
1,N,Y,W,M,35,3,B;A;W,M;M;M
1,N,Y,W,M,20,1,W,M
1,N,N,W,M,42,1,W,M
1,N,Y,W,M,23,1,W,M
1,N,Y,B,F,23,1,W,M
1,N,Y,B,F,U,2,B;B,M;M
1,F,N,B,M,35,1,W,M
1,N,Y,B,M,47,1,W,M
1,N,Y,B,U,U,2,W;W,M;M
1,N,N,W,U,U,2,W;W,M;M
1,N,Y,B,M,18,1,W,M
1,N,Y,B,M,45,1,W,M
1,N,Y,B,M,22,1,A,F
1,F,Y,B,M,28,1,W,M
1,N,U,U,U,U,NA,,U
1,N,U,U,U,U,NA,,U
1,N,U,U,U,U,NA,,U
1,N,U,U,U,U,NA,,U
1,N,U,U,U,U,NA,,U
1,N,U,U,U,U,NA,,U
1,N,U,U,U,U,NA,,U
1,N,U,U,U,U,NA,,U
1,N,U,U,U,U,NA,,U
1,F,U,U,U,U,NA,,U
1,F,U,U,U,U,NA,,U
1,F,U,U,U,U,NA,,U
1,N,U,U,U,U,NA,,U
1,N,U,U,U,U,NA,,U
1,N,U,U,U,U,NA,,U
1,N,U,U,U,U,NA,,U
1,N,U,U,U,U,NA,,U
1,N,U,U,U,U,NA,,U
1,N,U,U,U,U,NA,,U
1,N,U,U,U,U,NA,,U
1,F,U,U,U,U,NA,,U
1,F,U,U,U,U,NA,,U
1,F,U,U,U,U,NA,,U
1,N,U,U,U,U,NA,,U
1,N,U,U,U,U,NA,,U
1,N,U,U,U,U,NA,,U
1,N,U,U,U,U,NA,,U
1,N,U,U,U,U,NA,,U
1,N,U,U,U,U,NA,,U
1,F,Y,W,M,61,1,B,F
1,F,N,B,M,66,2,W,M;M
1,U,N,B,U,U,1,W,M
1,U,N,B,U,U,1,W,M
1,N,N,B,M,33,1,W,M
1,U,Y,W,M,40,1,W,M
1,F,Y,W,M,39,4,W;W;H;B;W;W;B,M;M;M;M
1,N,Y,B,M,U,1,B,M
1,N,Y,B,M,U,1,B,M
1,N,Y,B,M,43,3,B;B;B,M
1,N,N,B,U,U,1,B,M
1,N,N,B,U,U,1,B,M
1,N,Y,B,M,19,1,B,M
1,N,N,B,M,32,2,B,M
1,F,N,B,M,35,4,W;W;W;W,M
1,F,N,B,M,20,1,W,M
1,F,N,B,M,19,2,W;W,M
1,F,Y ,W,M,33,1,W,M
1,N,Y ,B,M,33,1,B,M
1,F,Y,B,M,U,2,W,M
1,F,N,W,M,47,1,W,M
1,F,Y,W,M,67,1,W,M
1,F,Y,B,M,24,2,W;W,M
1,F,Y,B,M,41,2,W,M;M
1,N,Y,B,M,18,1,B,M
1,F,Y,B,M,32,10,U,M;M;M;M;M;M;M;M;M;M;
1,N,Y,B,M,21,2,B;U,F;M;M
1,F,N,B,M,32,2,W;W,M;M
1,N,Y,B,M,34,1,B,M
1,N,N,B,U,U,1,B,M
1,N,N,B,U,U,1,B,M
1,N,N,B,M,24,1,U,M
1,F,N,B,M,42,2,B;B,M;F
1,N,N,B,M,23,1,B,F
1,N,N,B,M,24,2,B;B,M
1,N,N,B,M,25,1,U,M
1,F,N,B,M,28,2,W;W,M
1,N,Y,B,M,U,1,B,M
1,N,Y ,B,M,29,1,B,M
1,F,Y,B,M,34,5,B;W;W;W;W,M;M;M;M;M
1,F,N,B,M,U,2,B,M
1,U,Y,B,M,U,1,W,M
1,N,Y,B,M,21-23,1,B,M
1,F,Y,B,M,36,7,Unknown,M
1,N,Y,B,M,U,1,W,M
1,F,Y,B,M,15,1,B,M
1,U,Y,B,F,U,2,W;B,M
1,N,Y,U,M,U,1,U,M
1,F,Y,U,M,U,4,U,M;M;M;M
1,F,N,U,M,U,1,U,M
1,N,Y,U,M,U,1,U,M
1,F,Y,U,M,U,2,U,M;M
1,F,Y,U,M,U,2,U,M;M
1,N,N,U,M,U,1,U,M
1,N,Y,U,M,U,1,U,M
1,F,N,U,M,U,1,U,F
1,N,N,U,M,U,1,U,M
1,F,Y,U,M,U,1,U,M
1,F,Y,U,M,U,1,U,F
1,F,Y,U,M,U,1,U,M
1,N,N,U,M,U,1,U,M
1,N,N,U,M,U,1,U,M
1,N,Y,U,M,U,3,U,M;M;M
1,N,Y,U,M,U,1,U,M
1,N,Y,U,M,U,1,U,M
1,N,Y,U,M,U,1,U,M
1,N,N,U,F,U,1,U,M
1,N,Y,U,M,U,1,U,M
1,N,Y,U,M,U,3,U,M;M;M
1,N,Y,U,M,U,1,U,M
1,F,Y,U,M,U,3,U,M;M;M
1,F,N,U,M,U,1,U,M
1,N,Y,U,M,U,1,U,M
1,F,N,U,M,U,1,U,M
1,N,Y,U,M,U,2,U,M;M
1,N,Y,U,M,U,1,U,M
1,N,Y,U,M,U,1,U,M
1,N,N,U,M,U,2,U,F;F
1,N,Y,U,M,U,1,U,M
1,F,Y,U,F,U,4,U,M;F;M;M
1,F,N,U,M,U,1,U,F
1,F,Y,U,M,U,1,U,M
1,N,Y,U,M,U,1,U,M
1,N,Y,U,M,U,1,U,M
1,F,Y,U,F,U,1,U,M
1,N,Y,U,M,U,1,U,M
1,F,Y,U,M,U,4,U,M;M;M;M
1,N,Y,U,M,U,6,U,M;M;M;M;M;M
1,N,Y,U,M,U,1,U,M
1,F,N,U,M,U,1,U,M
1,N,N,U,M,U,1,U,M
1,F,Y,U,U,U,3,U,M;M
1,F,Y,U,U,U,3,U,M;M
1,N,N,U,M,U,1,U,M
1,N,N,U,M,U,2,U,M;M
1,F,Y,U,M,U,1,U,M
1,N,Y,U,M,U,2,U,M;M
1,N,Y,U,M,U,1,U,M
1,F,Y,U,M,U,2,U,M;M
1,N,Y,U,M,U,1,U,M
1,F,N,U,M,U,1,U,M
1,F,Y,U,M,U,1,U,M
1,N,Y,U,M,U,2,U,M;M
1,N,Y,U,M,U,1,U,M
1,N,Y,U,M,U,1,U,M
1,N,Y,U,M,U,1,U,M
1,N,Y,U,M,U,1,U,M
1,F,Y,U,M,U,3,U,M;M;M;M
1,N,N,U,M,U,1,U,M
1,F,N,U,M,U,1,U,M
1,F,N,U,M,U,6,U,M;M;F;M;M;M
1,N,Y,U,M,U,2,U,M;M
1,N,Y,U,M,U,1,U,M
1,N,N,U,M,U,1,U,F
1,N,Y,U,M,U,1,U,M
1,N,Y,U,M,U,1,U,M
1,F,N,U,M,U,2,U,M
1,F,Y,U,M,U,1,U,M
1,U,U,U,U,U,NA,,U
1,U,U,U,U,U,NA,,U
1,U,U,U,U,U,NA,,U
1,U,U,U,U,U,NA,,U
1,U,U,U,U,U,NA,,U
1,U,U,U,U,U,NA,,U
1,U,U,U,U,U,NA,,U
1,U,U,U,U,U,NA,,U
1,U,U,U,U,U,NA,,U
1,U,U,U,U,U,NA,,U
1,U,U,U,U,U,NA,,U
1,U,U,U,U,U,NA,,U
1,U,U,U,U,U,NA,,U
1,U,U,U,U,U,NA,,U
1,U,U,U,U,U,NA,,U
1,U,U,U,U,U,NA,,U
1,U,U,U,U,U,NA,,U
1,U,U,U,U,U,NA,,U
1,U,U,U,U,U,NA,,U
1,U,U,U,U,U,NA,,U
1,U,U,U,U,U,NA,,U
1,U,U,U,U,U,NA,,U
1,F,N,B,M,18,1,,M
1,N,N,U,U,U,1,,M
1,N,N,U,U,U,1,,M
1,F,N,U,M,U,1,,M
1,F,Y,B,M,24,1,,M
1,N,Y,U,U,U,2,,M;M
1,F,N,U,U,U,2,,M;M
1,F,N,U,M,49,1,,M
1,F,N,U,M,51,4,,M;M;M;M
1,N,N,U,U,U,2,,M;M
1,N,N,U,U,U,2,,M;M
1,F,N,B,M,28,2,,M;F
1,F,Y,B,F,32,2,,M;M
1,F,Y,B,M,26,1,,M
1,N,N,U,M,36,1,,M
1,F,Y,L,M,27,1,,M
1,F,Y,U,F,21,4,,M;M;M;M
1,F,N,U,M,42,4,,M;M;M;M
1,F,N,U,U,U,2,,M;M
1,F,N,U,U,U,2,,M;M
1,F,Y,B,M,38,2,,F;F
1,F,N,L,M,U,2,,M;F
1,N,Y,U,M,27,2,,M;M
1,F,N,U,U,U,23,,M;M;M;M;M;M;M;M;M;M;M;M;M;M;M;M;M;M;M;M;M;M;M
1,F,N,U,U,U,23,,M;M;M;M;M;M;M;M;M;M;M;M;M;M;M;M;M;M;M;M;M;M;M
1,N,Y,U,M,21,4,,M;M;M;F
1,N,N,B,M,23,1,,M
1,F,N,U,M,20,1,,M
1,N,Y,U,M,25,1,,M
1,N,N,U,M,31,1,,M
1,N,N,L,M,44,1,,M
1,N,N,B,M,17,1,,M
1,F,Y,B,M,23,1,,M
1,N,N,U,M,U,1,,F
1,N,N,U,M,23,1,,M
1,N,Y,B,M,24,1,,M
1,F,N,L,M,43,1,,M
1,N,Y,B,M,19,2,,M;M
1,N,N,U,M,23,1,,M
1,N,N,U,M,30,6,,M;M;M;M;M;M
1,F,Y,U,M,41,1,U,M
1,F,N,U,M,24,2,,M;M
1,N,Y,U,M,31,1,,M
1,N,N,B,M,27,5,,M;M;M;M;M
1,F,N,U,M,46,1,,M
1,N,N,U,M,16,1,,M
1,F,N,U,M,38,2,,F;F
1,F,N,U,M,48,1,,M
1,N,N,U,M,44,1,,F
1,F,N,U,M,52,1,,M
1,F,N,W,U,U,11,,M;M;M;M;M;M;M;M;M;M;M
1,F,N,W,U,U,11,,M;M;M;M;M;M;M;M;M;M;M
1,F,N,W,U,U,11,,M;M;M;M;M;M;M;M;M;M;M
1,F,N,B,U,U,11,,M;M;M;M;M;M;M;M;M;M;M
1,N,N,U,M,48,1,,M
1,F,N,U,M,36,1,,M
1,F,N,U,M,55,1,,M
1,N,N,U,M,17,1,,M
1,F,Y,U,M,56,4,,M;M;M;M
1,F,N,U,M,40,1,,M
1,N,N,B,U,U,6,,M;M;M;M;M;M
1,N,N,B,U,U,6,,M;M;M;M;M;M
1,N,N,B,M,34,1,,M
1,N,N,W,M,30,1,W,F
1,N,N,U,M,41,1,,M
1,F,N,U,M,U,1,,M
1,F,N,U,M,34,5,,M;M;M;M;M
1,N,N,U,M,56,1,,F
1,F,N,B,M,U,1,,M
1,N,N,U,U,U,1,,M
1,N,N,U,U,U,1,,M
1,N,N,U,U,U,1,,M
1,N,Y,U,M,16,1,,M
1,N,Y,W,U,U,1,,M
1,F,N,W,U,U,1,,M
1,F,Y,U,M,52,3,,M;M;M
1,F,Y,U,U,U,2,,M;M
1,N,N,U,U,U,2,,M;M
1,F,Y,W,M,47,2,,M;F
1,F,N,U,M,25,1,,M
1,N,N,W,M,U,1,W,M
1,N,Y,B,M,U,1,L,M
1,N,N,W,F,U,1,W,M
1,N,N,W,M,U,1,W,M
1,N,N,B,M,U,1,W,M
1,N,N,B,M,U,1,B,F
1,F,Y,B,M,U,1,W,M
1,N,Y,W,M,U,1,W,M
1,N,Y,B,M,U,1,W,U
1,N,Y,B,M,U,1,B,M
1,F,Y,B,M,U,3,L;W;W,U;U;U
1,N,Y,W,M,U,4,W;L;L;A,U;U;U;U
1,N,Y,B,U,U,4,W;W;W;W,M;M;M;M
1,N,N,B,U,U,4,W;W;W;W,M;M;M;M
1,N,Y,B,M,U,1,W,M
1,F,N,B,M,U,1,W,M
1,N,N,L,F,U,1,L,M
1,N,N,B,M,U,1,B,M
1,N,N,B,M,U,1,B,M
1,N,N,W,M,U,1,W,M
1,F,Y,B,M,U,1,W,M
1,N,Y,B,M,U,1,W,M
1,N,N,B,M,U,1,W,M
1,F,Y,W,M,U,2,L;W,M;U
1,N,Y,B,M,U,1,W,M
1,N,Y,B,M,U,1,B,M
1,F,N,B,M,U,1,W,M
1,N,Y,B,M,U,1,L,M
1,F,N,W,M,U,1,W,M
1,F,N,B,M,U,2,W;W,F;M
1,N,Y,B,M,U,1,B,M
1,F,N,B,M,U,1,W,M
1,N,Y,B,M,U,1,L,M
1,F,Y,B,M,U,2,B;W,U;U
1,F,Y,B,M,U,1,B,M
1,N,Y,B,M,U,1,W,M
1,N,Y,B,M,U,1,W,M
1,N,N,B,M,U,1,W,M
1,N,Y,B,M,U,2,W;W,M;U
1,N,Y,B,M,U,1,W,M
1,N,N,L,M,U,1,L,M
1,N,N,L,M,U,1,W,M
1,N,Y,B,M,U,1,L,M
1,F,N,W,M,U,2,W;W,M;M
1,F,N,W,M,U,1,W,M
1,N,Y,B,M,U,2,W;W,M;M
1,F,N,B,M,U,2,B;W,M;M
1,N,N,B,M,U,1,W,M
1,N,N,B,M,U,1,W,M
1,N,Y,L,M,31,1,U,U
1,F,N,B,M,40,1,U,U
1,N,N,B,M,27,1,U,U
1,N,N,B,U,U,1,U,U
1,N,N,B,U,U,1,U,U
1,N,Y,B,M,19,1,U,U
1,N,Y,B,M,18,1,U,U
1,N,Y,W,M,53,1,U,U
1,F,Y,W,F,52,2,U,U
1,N,Y,W,M,26,2,U,U
1,F,Y,W,M,29,10,U,U
1,N,Y,B,M,23,1,U,U
1,N,Y,B,M,41,3,U,U
1,N,Y,W,M,64,1,U,U
1,N,Y,B,M,26,1,U,U
1,N,N,L,M,25,1,U,U
1,N,N,B,M,36,2,U,U
1,N,Y,W,M,43,2,U,U
1,F,Y,B,M,16,4,U,U
1,F,Y,B,M,38,3,U,U
1,F,N,W,M,37,2,U,U
1,N,N,W,M,30,1,U,U
1,N,Y,B,M,33,1,U,U
1,N,Y,B,M,18,1,U,U
1,N,N,B,F,23,1,U,U
1,F,Y,B,M,51,5,U,U
1,N,N,B,U,U,1,U,U
1,N,N,B,U,U,1,U,U
1,N,N,B,U,U,1,U,U
1,N,Y,B,M,20,1,U,U
1,N,N,B,U,U,3,U,U
1,N,N,B,U,U,3,U,U
1,N,Y,L,M,25,1,U,U
1,N,N,W,M,52,1,U,U
1,F,Y,W,M,53,1,U,U
1,F,Y,L,M,39,1,U,U
1,N,Y,B,M,42,1,U,U
1,F,N,W,M,33,1,U,U
1,F,Y,W,M,27,1,U,U
1,N,Y,U,U,U,1,U,U
1,N,Y,U,U,U,5,U;U;U;U;U,U;U;U;U;U
1,N,N,U,U,U,1,U,U
1,N,N,U,U,U,1,U,M
1,N,U,U,U,U,3,U;U;U,M;M;M
1,N,U,U,U,U,1,U,M
1,N,U,U,U,U,U,U,U
1,N,Y,U,U,U,1,U,U
1,N,U,U,U,U,1,U,U
1,N,U,U,U,U,1,U,U
1,N,U,U,U,U,1,U,U
1,N,U,B,M,23,1,U,M
1,N,U,U,U,U,1,U,U
1,N,Y,U,U,U,1,U,U
1,N,U,U,U,U,1,U,M
1,N,U,U,U,U,1,U,U
1,N,U,U,U,U,1,U,U
1,N,U,U,U,U,1,U,U
1,N,U,U,U,U,1,U,U
1,N,U,U,U,U,1,U,U
1,N,U,U,U,U,1,U,U
1,N,Y,U,U,U,1,U,U
1,N,U,U,U,U,1,U,U
1,N,U,U,U,U,1,U,U
1,N,U,U,U,U,1,U,U
1,N,U,U,U,U,1,U,U
1,N,U,U,U,U,1,U,U
1,N,Y,U,U,U,1,U,U
1,N,Y,U,U,U,1,U,U
1,N,Y,U,U,U,1,U,M
1,N,N,B,M,40,1,U,M
1,F,Y,W,M,25,1,U,M
1,F,Y,B,U,U,3,U;U;U,M;M;M
1,N,N,B,U,U,3,U;U;U,M;M;M
1,N,N,B,M,20,1,U,M
1,F,N,B,M,20,1,U,M
1,F,Y,B,U,U,7,U;U;U;U;U;U;U,M;M;M;M;M;M;M
1,N,N,B,U,U,7,U;U;U;U;U;U;U,M;M;M;M;M;M;M
1,N,N,B,U,U,7,U;U;U;U;U;U;U,M;M;M;M;M;M;M
1,U,U,U,U,U,1,U,M
1,N,Y,U,U,U,1,U,M
1,N,Y,B,M,26,1,U,F
1,F,Y,B,M,37,1,U,M
1,N,Y,B,M,32,1,U,M
1,N,U,U,M,U,1,B,M
1,N,N,B,M,41,1,U,M
1,F,N,B,M,31,1,U,M
1,F,N,B,M,21,2,U;U,M;M
1,F,Y,W,M,45,1,U,M
1,F,Y,B,M,17,3,U;U;U,M;M;M
1,N,Y,B,M,33,1,U,M
1,N,U,B,M,17,1,U,M
1,F,N,W,M,60,1,U,M
1,U,U,U,M,U,1,B,M
1,U,U,W,U,U,1,B,M
1,U,U,W,U,U,1,B,M
1,N,N,U,U,U,1,U,M
1,N,U,B,U,U,1,U,M
1,F,U,B,U,U,1,U,M
1,N,U,B,U,U,1,U,M
1,F,Y,B,M,34,1,U,M
1,N,Y,B,M,35,2,U;U,M;M
1,N,U,W,U,U,1,B,M
1,N,U,W,U,U,1,B,M
1,N,U,W,U,U,1,B,M
1,F,Y,B,M,33,1,U,M
1,N,Y,B,M,17,1,U,M
1,N,Y,B,M,20,1,U,U
1,N,Y,B,M,22,2,U,U
1,N,N,W,M,61,1,U,U
1,N,N,B,M,49,1,U,U
1,N,Y,B,M,20,1,U,U
1,N,N,L,M,33,1,U,U
1,N,Y,B,M,26,1,U,U
1,N,Y,W,F,47,1,U,U
1,N,N,B,M,31,1,U,U
1,N,Y,B,M,17,1,U,U
1,N,N,B,M,19,1,U,U
1,N,N,A,M,19,1,U,U
1,N,Y,B,M,58,1,U,U
1,N,Y,L,M,21,2,U,U
1,N,U,B,M,U,1,U,U
1,N,Y,B,M,22,1,U,U
1,N,Y,B,M,22,3,U,U
1,N,Y,B,M,26,1,U,U
1,N,Y,L,M,35,4,U,U
1,N,N,W,M,69,1,U,U
1,N,Y,B,M,17,2,U,U
1,N,Y,B,M,20,1,U,U
1,N,N,B,M,35,1,U,U
1,N,N,B,M,35,1,U,U
1,N,Y,L,M,26,1,U,U
1,N,N,W,M,24,1,U,U
1,N,Y,B,M,23,1,U,U
1,U,Y,W,M,61,3,U,U
1,N,Y,B,M,20,1,U,U
1,N,N,B,M,20,3,U,U
1,U,Y,B,M,U,1,U,U
1,N,N,B,M,23,1,U,U
1,N,Y,B,M,19,1,U,U
1,N,Y,B,M,26,1,U,U
1,N,N,B,M,53,1,U,U
1,N,Y,B,M,21,1,U,U
1,N,Y,B,M,42,1,U,U
1,N,U,L,M,21,1,U,U
1,N,Y,B,M,25,1,U,U
1,N,Y,L,M,19,1,U,U
1,N,Y,B,M,35,8,U,U
1,N,N,L,M,32,1,U,U
1,N,N,B,M,30,8,U,U
1,N,N,W,M,41,2,U,U
1,N,Y,L,M,32,1,U,U
1,N,Y,B,M,18,1,U,U
1,N,Y,B,M,26,2,U,U
1,N,N,L,M,27,1,U,U
1,N,N,B,M,22,1,U,U
1,N,Y,B,U,U,1,U,U
1, N,Y,L,U,U,1,U,U
1,N,Y,B,U,U,2,U,U
1,N,Y,B,U,U,2,U,U
1,N,Y,B,U,U,2,U,U
1,N,Y,L,U,U,1,U,U
1,N,Y,L,U,U,1,U,U
1,N,Y,B,M,25,1,U,U
1,N,N,B,M,46,1,U,U
1,N,Y,L,M,25,2,U,U
1,N,N,B,M,35,1,U,U
1,N,N,B,F,43,2,U,U
1,N,Y,B,M,23,1,U,U
1,U,Y,B,M,U,1,U,U
1,N,Y,B,M,34,5,U,U
1,N,N,L,M,49,1,U,U
1,N,Y,B,M,30,1,U,U
1,N,Y,B,M,29,2,U,U
1,N,Y,B,M,19,2,U,U
1,N,N,L,M,23,2,U,U
1,U,Y,L,M,U,1,U,U
1,N,Y,B,M,34,1,U,U
1,N,Y,B,M,17,1,U,U
1,N,Y,L,M,21,1,U,U
1,U,Y,B,M,U,1,U,U
1,N,Y,B,M,55,1,U,U
1,N,Y,B,M,20,2,U,U
1,U,Y,B,M,U,1,U,U
1,U,Y,B,M,U,1,U,U
1,U,Y,B,M,U,1,U,U
1,N,Y,B,M,29,2,U,U
1,U,Y,W,M,U,1,U,U
1,N,Y,B,M,36,1,U,U
1,N,Y,B,M,30,3,U,U
1,U,N,B,M,U,1,U,U
1,N,Y,B,M,20,1,U,U
1,N,N,L,M,31,1,U,U
1,N,N,B,M,40,1,U,U
1,N,Y,B,M,18,1,U,U
1,N,Y,B,M,28,2,U,U
1,N,Y,B,M,16,2,U,U
1,N,Y,B,M,31,1,U,U
1,N,N,B,M,26,1,U,U
1,N,Y,B,M,33,1,U,U
1,N,Y,B,M,20,2,U,U
1,N,N,B,M,U,1,U,U
1,N,N,W,M,24,1,U,U
1,N,Y,B,M,28,1,U,U
1,N,N,L,M,32,1,U,U
1,N,N,L,M,40,1,U,U
1,N,N,B,M,28,1,U,U
1,N,N,U,M,U,2,U,U
1,N,Y,B,M,27,2,U,U
1,N,Y,B,M,17,1,U,U
1,N,N,L,M,32,1,U,U
1,N,N,B,M,49,1,U,U
1,N,N,B,M,35,2,U,U
1,N,Y,B,M,U,1,U,U
1,N,N,B,M,19,1,U,U
1,N,N,U,U,U,1,U,U
1,N,Y,B,M,25,1,U,U
1,N,Y,B,M,20,1,U,U
1,N,Y,B,M,25,1,U,U
1,N,Y,B,M,23,1,U,U
1,N,N,W,M,27,1,U,U
1,N,N,B,M,15,1,U,U
1,N,Y,B,M,19,3,U,U
1,N,Y,L,M,31,2,U,U
1,N,Y,B,M,17,1,U,U
1,N,Y,B,M,21,1,U,U
1,N,Y,B,M,39,5,U,U
1,N,N,B,F,35,1,U,U
1,N,Y,B,M,28,2,U,U
1,N,Y,L,M,22,1,U,U
1,N,Y,B,F,44,1,U,U
1,N,Y,B,M,26,1,U,U
1,N,Y,B,M,24,1,U,U
1,N,Y,B,M,23,1,U,U
1,N,Y,L,M,23,2,U,U
1,N,Y,B,M,16,1,U,U
1,N,Y,B,M,20,1,U,U
1,N,Y,B,M,23,1,U,U
1,N,Y,L,M,U,2,U,U
1,N,N,L,M,38,1,U,U
1,N,Y,B,M,28,1,U,U
1,N,N,L,M,34,2,U,U
1,N,Y,L,M,24,2,U,U
1,N,Y,B,M,22,3,U,U
1,N,Y,B,M,26,1,U,U
1,N,N,L,M,28,1,U,U
1,N,Y,B,M,19,1,U,U
1,N,Y,B,M,22,1,U,U
1,N,Y,B,M,25,4,U,U
1,N,N,B,M,19,2,U,U
1,U,N,W,M,27,1,U,U
1,U,Y,B,M,29,1,U,U
1,U,N,W,M,37,1,U,U
1,U,Y,B,M,34,2,U,U
1,N,Y,B,M,33,1,U,U
1,N,Y,L,M,31,1,U,U
1,U,N,B,M,30,1,U,U
1,U,Y,L,M,28,1,U,U
1,N,Y,B,M,20,2,U,U
1,N,Y,B,M,25,3,U,U
1,U,Y,B,M,27,6,U,U
1,N,Y,B,M,N/A,1,U,U
1,U,Y,B,M,30,1,U,U
1,U,Y,B,M,24,1,U,U
1,U,N,B,M,32,1,U,U
1,U,Y,B,M,20,1,U,U
1,U,Y,L,U,U,1,U,U
1,U,Y,L,U,U,1,U,U
1,U,N,B,U,U,1,U,U
1,U,N,B,U,U,1,U,U
1,N,N,B,U,U,1,U,U
1,N,N,B,U,U,1,U,U
1,N,Y,B,U,U,1,U,U
1,N,Y,B,U,U,1,U,U
1,U,N,B,U,U,1,U,U
1,U,N,B,U,U,1,U,U
1,U,N,B,U,U,1,U,U
1,U,N,L,U,U,1,U,U
1,U,N,L,U,U,1,U,U
1,U,Y,B,U,U,3,U,U
1,U,Y,B,U,U,3,U,U
1,U,U,B,U,U,3,U,U
1,U,N,B,U,U,1,U,U
1,U,N,B,U,U,1,U,U
1,U,N,B,U,U,1,U,U
1,N,Y,B,U,U,2,U,U
1,N,N,B,U,U,2,U,U
1,F,U,U,U,U,NA,U,U
1,F,U,U,U,U,NA,U,U
1,F,U,U,U,U,NA,U,U
1,F,U,U,U,U,NA,U,U
1,F,U,U,U,U,NA,U,U
1,F,U,U,U,U,NA,U,U
1,F,U,U,U,U,NA,U,U
1,F,U,U,U,U,NA,U,U
1,F,U,U,U,U,NA,U,U
1,N,U,U,U,U,NA,U,U
1,N,U,U,U,U,NA,U,U
1,N,U,U,U,U,NA,U,U
1,N,U,U,U,U,NA,U,U
1,N,U,U,U,U,NA,U,U
1,N,U,U,U,U,NA,U,U
1,N,U,U,U,U,NA,U,U
1,N,U,U,U,U,NA,U,U
1,N,U,U,U,U,NA,U,U
1,N,U,U,U,U,NA,U,U
1,N,U,U,U,U,NA,U,U
1,N,U,U,U,U,NA,U,U
1,N,U,U,U,U,NA,U,U
1,N,U,U,U,U,NA,U,U
1,N,U,U,U,U,NA,U,U
1,N,U,U,U,U,NA,U,U
1,N,U,U,U,U,NA,U,U
1,N,U,U,U,U,NA,U,U
1,N,U,U,U,U,NA,U,U
1,N,U,U,U,U,NA,U,U
1,N,U,U,U,U,NA,U,U
1,N,U,U,U,U,NA,U,U
1,N,U,U,U,U,NA,U,U
1,F,Y,L,M,32,1,U,U
1,F,N,L,M,24,2,U,U
1,F,N,W,M,23,1,U,U
1,F,Y,L,U,U,4,U,U
1,N,Y,L,U,U,4,U,U
1,F,Y,B,F,57,2,U,U
1,F,N,L,U,U,1,U,U
1,F,N,L,U,U,1,U,U
1,F,Y,L,M,31,1,U,U
1,F,N,B,M,18,1,U,U
1,F,N,L,M,22,1,U,U
1,F,N,B,M,27,1,U,U
1,F,N,L,M,45,2,U,U
1,F,N,B,M,50,1,U,U
1,F,N,B,M,48,2,U,U
1,F,Y,B,M,27,1,U,U
1,F,Y,B,M,24,1,U,U
1,F,Y,B,M,37,1,U,U
1,F,Y,B,M,14,1,U,U
1,F,Y,B,M,16,2,U,U
1,F,N,W,M,28,1,U,U
1,F,N,B,M,49,1,U,U
1,F,Y,W,M,86,1,U,U
1,F,N,B,U,U,1,U,U
1,N,N,B,U,U,1,U,U
1,F,N,B,U,U,1,U,U
1,N,N,B,U,U,1,U,U
1,F,Y,B,M,19,2,U,U
1,F,Y,W,M,22,1,U,U
1,F,N,B,U,U,1,U,U
1, F,N,B,U,U,1,U,U
1,F,N,B,M,32,2,U,U
1,F,Y,B,M,17,1,U,U
1,F,N,B,M,29,1,U,U
1,F,Y,B,M,26,6,U,U
1,F,N,L,M,22,1,U,U
1,F,N,W,M,21,3,U,U
1,F,Y,L,M,44,1,U,U
1,F,Y,W,M,43,1,U,U
1,F,Y,B,M,52,1,U,U
1,F,N,A,M,27,2,U,U
1,F,N,W,M,49,2,U,U
1,F,Y,L,M,57,4,U,U
1,F,N,B,M,29,2,U,U
1,F,N,L,M,28,3,U,U
1,F,Y,W,M,30,2,U,U
1,F,N,B,M,24,1,U,U
1,F,Y,L,M,45,4,U,U
1,F,Y,W,M,48,1,U,U
1,F,N,B,M,39,2,U,U
1,F,Y,B,M,43,3,U,U
1,F,N,B,F,23,1,U,U
1,F,N,W,M,58,1,U,U
1,F,Y,B,M,50,1,U,U
1,F,Y,B,M,48,2,U,U
1,F,Y,A,M,28,1,U,U
1,F,Y,W,M,45,2,U,U
1,F,Y,W,M,17,1,U,U
1,F,Y,B,M,38,7,U,U
1,F,Y,W,M,58,2,U,U
1,F,Y,B,M,22,1,U,U
1,F,N,B,M,28,3,U,U
1,F,N,L,M,47,3,U,U
1,F,NA,U,U,U,NA,U,U
1,F,NA,U,U,U,NA,U,U
1,F,NA,U,U,U,NA,U,U
1,F,NA,U,U,U,NA,U,U
1,F,NA,U,U,U,NA,U,U
1,F,NA,U,U,U,NA,U,U
1,F,NA,U,U,U,NA,U,U
1,N,NA,U,U,U,NA,U,U
1,N,NA,U,U,U,NA,U,U
1,N,NA,U,U,U,NA,U,U
1,N,NA,U,U,U,NA,U,U
1,N,NA,U,U,U,NA,U,U
1,F,NA,U,U,U,NA,U,U
1,F,NA,U,U,U,NA,U,U
1,N,NA,U,U,U,NA,U,U
1,N,NA,U,U,U,NA,U,U
1,N,NA,U,U,U,NA,U,U
1,N,NA,U,U,U,NA,U,U
1,N,NA,U,U,U,NA,U,U
1,N,NA,U,U,U,NA,U,U
1,F,NA,U,U,U,NA,U,U
1,F,NA,U,U,U,NA,U,U
1,F,NA,U,U,U,NA,U,U
1,N,NA,U,U,U,NA,U,U
1,N,NA,U,U,U,NA,U,U
1,F,NA,U,U,U,NA,U,U
1,F,NA,U,U,U,NA,U,U
1,F,NA,U,U,U,NA,U,U
1,F,NA,U,U,U,NA,U,U
1,N,NA,U,U,U,NA,U,U
1,N,NA,U,U,U,NA,U,U
1,N,NA,U,U,U,NA,U,U
1,N,NA,U,U,U,NA,U,U
1,N,NA,U,U,U,NA,U,U
1,N,NA,U,U,U,NA,U,U
1,N,NA,U,U,U,NA,U,U
1,N,NA,U,U,U,NA,U,U
1,N,NA,U,U,U,NA,U,U
1,N,NA,U,U,U,NA,U,U
1,N,NA,U,U,U,NA,U,U
1,N,NA,U,U,U,NA,U,U
1,N,NA,U,U,U,NA,U,U
1,N,NA,U,U,U,NA,U,U
1,N,NA,U,U,U,NA,U,U
1,N,NA,U,U,U,NA,U,U
1,N,NA,U,U,U,NA,U,U
1,N,NA,U,U,U,NA,U,U
1,N,NA,U,U,U,NA,U,U
1,N,NA,U,U,U,NA,U,U
1,N,NA,U,U,U,NA,U,U
1,N,NA,U,U,U,NA,U,U
1,N,NA,U,U,U,NA,U,U
1,N,NA,U,U,U,NA,U,U
1,N,NA,U,U,U,NA,U,U
1,N,NA,U,U,U,NA,U,U
1,N,NA,U,U,U,NA,U,U
1,N,NA,U,U,U,NA,U,U
1,N,NA,U,U,U,NA,U,U
1,N,NA,U,U,U,NA,U,U
1,N,NA,U,U,U,NA,U,U
1,N,NA,U,U,U,NA,U,U
1,N,NA,U,U,U,NA,U,U
1,N,NA,U,U,U,NA,U,U
1,N,NA,U,U,U,NA,U,U
1,N,NA,U,U,U,NA,U,U
1,N,NA,U,U,U,NA,U,U
1,N,NA,U,U,U,NA,U,U
1,N,NA,U,U,U,NA,U,U
1,N,NA,U,U,U,NA,U,U
1,F,NA,U,U,U,NA,U,U
1,F,NA,U,U,U,NA,U,U
1,F,NA,U,U,U,NA,U,U
1,N,NA,U,U,U,NA,U,U
1,N,NA,U,U,U,NA,U,U
1,N,NA,U,U,U,NA,U,U
1,F,Y,U,M,U,3,U,U
1,N,N,U,M,U,4,U,U
1,N,Y,U,U,U,2,U,U
1,N,U,U,U,U,2,U,U
1,N,U,U,U,U,2,U,U
1,F,N,U,M,U,1,U,U
1,N,Y,U,M,U,2,U,U
1,N,Y,U,M,U,2,U,U
1,N,Y,U,M,U,2,U,U
1,N,Y,U,M,U,2,U,U
1,N,Y,U,M,U,2,U,U
1,N,Y,U,M,U,2,U,U
1,F,Y,U,M,U,1,U,U
1,N,N,U,U,U,3,U,U
1,N,N,U,U,U,3,U,U
1,N,Y,U,U,U,2,U,U
1,N,U,U,U,U,2,U,U
1,N,U,U,U,U,2,U,U
1,N,Y,U,M,U,3,U,U
1,N,N,U,M,U,NA,U,U
1,N,Y,U,M,U,2,U,U
1,N,N,U,M,U,1,U,U
1,N,Y,U,M,U,2,U,U
1,N,N,U,M,U,1,U,U
1,N,N,U,M,U,NA,U,U
1,N,Y,U,M,U,2,U,U
1,N,Y,U,M,U,2,U,U
1,N,N,U,M,U,2,U,U
1,F,Y,U,M,U,2,U,U
1,N,N,U,M,U,2,U,U
1,F,N,U,U,U,NA,U,U
1,N,U,U,U,U,NA,U,U
1,N,N,U,M,U,2,U,U
1,N,Y,U,M,U,1,U,U
1,F,Y,U,M,U,2,U,U
1,N,Y,U,M,U,2,U,U
1,N,N,U,M,U,2,U,U
1,N,Y,U,M,U,2,U,U
1,N,Y,U,M,U,1,U,U
1,N,Y,U,M,U,2,U,U
1,F,Y,U,M,U,2,U,U
1,N,N,U,M,U,2,U,U
1,N,Y,U,M,U,2,U,U
1,N,Y,U,M,U,2,U,U
1,N,N,U,M,U,2,U,U
1,N,Y,U,M,U,2,U,U
1,N,N,U,M,U,1,U,U
1,N,N,U,M,U,2,U,U
1,N,Y,U,M,U,2,U,U
1,N,Y,U,M,U,2,U,U
1,N,N,U,M,U,2,U,U
1,N,Y,U,M,U,3,U,U
1,N,Y,U,M,U,NA,U,U
1,N,Y,U,M,U,2,U,U
1,N,N,U,M,U,2,U,U
1,N,Y,U,M,U,2,U,U
1,N,Y,U,M,U,2,U,U
1,N,Y,U,U,U,NA,U,U
1,N,U,U,U,U,NA,U,U
1,N,U,U,U,U,NA,U,U
1,F,N,U,M,U,2,U,U
1,N,Y,U,U,U,1,U,U
1,N,U,U,U,U,1,U,U
1,F,Y,U,M,U,2,U,U
1,N,Y,U,M,U,2,U,U
1,F,Y,U,M,U,2,U,U
1,N,N,U,U,U,2,U,U
1,N,N,U,U,U,2,U,U
1,F,N,U,M,U,2,U,M;F
1,N,Y,U,M,U,2,U,U
1,F,N,U,F,U,2,U,U
1,N,Y,U,M,U,2,U,U
1,N,N,U,M,U,1,U,U
1,F,N,U,M,U,3,U,U
1,N,N,U,M,U,2,U,U
1,N,Y,U,M,U,1,U,U
1,N,Y,U,M,U,2,U,U
1,F,Y,U,M,U,2,U,U
1,F,Y,U,M,U,2,U,U
1,N,Y,U,M,U,2,U,U
1,N,Y,U,U,U,1,U,U
1,N,U,U,U,U,1,U,U
1,N,U,U,U,U,1,U,U
1,F,Y,U,M,U,2,U,U
1,N,N,U,M,U,2,U,U
1,N,Y,U,M,U,2,U,U
1,F,Y,U,M,U,2,U,U
1,F,N,U,M,U,1,U,U
1,N,Y,U,M,U,2,U,U
1,N,N,U,U,U,2,U,U
1,N,N,U,U,U,2,U,U
1,N,N,U,M,U,1,U,U
1,N,Y,U,M,U,2,U,U
1,N,Y,U,M,U,2,U,U
1,N,N,U,M,U,2,U,U
1,N,Y,U,M,U,2,U,U
1,N,Y,U,M,U,2,U,U
1,F,Y,U,U,U,1,U,U
1,N,U,U,U,U,1,U,U
1,N,Y,U,M,U,2,U,U
1,N,N,U,U,U,2,U,U
1,N,N,U,U,U,2,U,U
1,N,N,U,U,U,2,U,U
1,N,N,U,M,U,1,U,U
1,N,N,U,U,U,2,U,U
1,N,N,U,M,U,4,U,U
1,N,Y,U,M,U,1,U,U
1,N,Y,U,M,U,2,U,U
1,N,Y,U,M,U,2,U,U
1,F,N,U,M,U,3,U,U
1,N,N,U,M,U,1,U,U
1,N,Y,U,M,U,1,U,U
1,F,Y,U,M,U,NA,U,U
1,N,N,U,F,U,2,U,U
1,F,Y,U,M,U,1,U,U
1,N,Y,U,M,U,2,U,U
1,N,N,U,M,U,1,U,U
1,N,N,U,M,U,2,U,U
1,N,Y,U,U,U,2,U,U
1,N,Y,U,M,U,2,U,U
1,N,Y,U,M,U,2,U,U
1,N,N,U,M,U,3,U,U
1,N,Y,U,M,U,4,U,U
1,N,N,U,U,U,3,U,U
1,N,N,U,U,U,3,U,U
1,N,N,U,U,U,3,U,U
1,N,N,U,M,U,2,U,U
1,F,Y,U,M,U,2,U,U
1,N,N,U,M,U,2,U,U
1,N,Y,U,M,U,2,U,U
1,N,N,U,M,U,1,U,U
1,N,N,U,M,U,2,U,U
1,N,N,U,M,U,2,U,U
1,N,Y,U,M,U,2,U,U
1,N,Y,U,M,U,2,U,U
1,N,N,U,M,U,2,U,U
1,N,N,U,M,U,2,U,U
1,N,N,U,M,U,2,U,U
1,N,Y,U,M,U,NA,U,U
1,F,Y,U,M,U,3,U,U
1,N,N,U,M,U,3,U,U
1,N,N,U,M,U,1,U,U
1,N,Y,U,M,U,2,U,U
1,N,Y,U,M,U,2,U,U
1,N,Y,U,M,U,2,U,U
1,N,N,U,M,U,2,U,U
1,N,Y,U,M,U,2,U,U
1,N,Y,U,M,U,2,U,U
1,N,Y,U,M,U,2,U,U
1,N,N,U,M,U,4,U,U
1,F,Y,U,M,U,2,U,U
1,F,Y,U,M,U,2,U,U
1,N,Y,U,M,U,2,U,U
1,N,Y,U,M,U,2,U,U
1,N,Y,U,M,U,1,U,U
1,F,Y,U,M,U,2,U,U
1,N,N,U,M,U,2,U,U
1,F,Y,U,M,U,5,U,U
1,N,Y,U,M,U,2,U,U
1,F,Y,U,M,U,1,U,U
1,N,Y,U,U,U,2,U,U
1,N,U,U,U,U,2,U,U
1,N,U,U,U,U,2,U,U
1,N,Y,U,U,U,2,U,U
1,N,N,U,U,U,2,U,U
1,N,N,U,M,U,1,U,U
1,N,N,U,F,U,2,U,U
1,N,Y,U,U,U,2,U,U
1,N,N,U,M,U,1,U,U
1,N,N,U,M,U,2,U,U
1,N,Y,U,U,U,2,U,U
1,N,Y,U,U,U,2,U,U
1,N,N,U,M,U,2,U,U
1,N,Y,U,M,U,2,U,U
1,F,N,U,M,U,3,U,U
1,N,N,U,M,U,2,U,U
1,N,Y,U,M,U,2,U,U
1,N,Y,U,M,U,2,U,U
1,N,N,U,M,U,2,U,U
1,N,N,U,M,U,2,U,U
1,N,Y,U,M,U,2,U,U
1,F,Y,U,M,U,1,U,U
1,N,Y,U,M,U,2,U,U
1,N,Y,U,M,U,NA,U,U
1,F,N,U,M,U,2,U,U
1,N,Y,U,M,U,2,U,U
1,N,N,U,M,U,2,U,U
1,N,Y,U,M,U,2,U,U
1,N,Y,U,M,U,NA,U,U
1,N,Y,U,M,U,2,U,U
1,F,N,U,M,U,1,U,U
1,N,N,U,U,U,1,U,U
1,N,N,U,U,U,1,U,U
1,N,N,U,M,U,2,U,U
1,N,N,U,M,U,2,U,U
1,N,Y,U,M,U,2,U,U
1,N,Y,U,M,U,2,U,U
1,N,Y,U,M,U,2,U,U
1,N,Y,U,U,U,2,U,U
1,N,U,U,U,U,2,U,U
1,F,N,U,M,U,1,U,U
1,U,U,U,U,U,NA,U,U
1,N,Y,U,M,U,1,U,U
1,N,Y,U,M,U,1,U,U
1,N,Y,U,M,U,2,U,U
1,N,Y,U,U,U,2,U,M;F
1,N,Y,U,M,U,1,U,U
1,N,N,U,M,U,2,U,U
1,N,Y,U,M,U,2,U,U
1,N,N,U,M,U,2,U,U
1,N,N,U,M,U,2,U,U
1,N,N,U,M,U,2,U,U
1,N,Y,U,M,U,2,U,U
1,F,N,U,M,U,2,U,U
1,N,N,U,M,U,2,U,U
1,N,N,U,M,U,2,U,U
1,N,Y,U,M,U,2,U,U
1,N,N,U,M,U,1,U,U
1,N,N,U,M,U,1,U,U
1,N,N,U,M,U,2,U,U
1,N,N,U,M,U,2,U,U
1,F,Y,U,U,U,2,U,U
1,F,U,U,U,U,2,U,U
1,F,N,U,M,U,2,U,U
1,F,Y,U,M,U,2,U,U
1,F,Y,U,M,U,2,U,U
1,N,Y,U,M,U,2,U,U
1,N,Y,U,M,U,2,U,U
1,N,N,U,M,U,2,U,U
1,N,Y,U,M,U,2,U,U
1,F,N,U,M,U,2,U,U
1,N,Y,U,M,U,3,U,U
1,F,Y,U,M,U,2,U,U
1,N,Y,U,M,U,2,U,U
1,N,Y,U,M,U,1,U,M
1,N,Y,U,M,U,2,U,U
1,N,N,U,M,U,1,U,U
1,N,N,U,U,U,1,U,U
1,F,Y,U,M,U,2,U,U
1,N,Y,U,U,U,1,U,U
1,N,Y,U,U,U,1,U,U
1,N,Y,U,M,U,2,U,U
1,N,N,U,M,U,1,U,U
1,F,Y,U,M,U,2,U,U
1,N,N,U,M,U,2,U,U
1,N,Y,U,M,U,2,U,U
1,N,Y,U,M,U,2,U,U
1,F,Y,U,M,U,2,U,U
1,N,N,U,M,U,3,U,U
1,F,Y,U,M,U,2,U,U
1,N,Y,U,U,U,2,U,U
1,N,Y,U,U,U,2,U,U
1,F,Y,U,M,U,2,U,U
1,U,U,U,U,U,NA,U,U
1,N,Y,U,M,U,2,U,U
1,N,Y,U,M,U,2,U,U
1,N,Y,U,M,U,2,U,U
1,N,Y,U,M,U,2,U,U
1,F,Y,U,M,U,1,U,U
1,N,N,U,M,U,2,U,U
1,N,Y,U,M,U,NA,U,U
1,N,Y,U,M,U,2,U,U
1,F,Y,U,U,U,NA,U,U
1,N,U,U,U,U,NA,U,U
1,F,Y,U,M,U,NA,U,U
1,N,N,U,M,U,2,U,U
1,N,Y,U,M,U,2,U,U
1,F,N,U,M,U,NA,U,U
1,N,Y,U,M,U,2,U,U
1,N,N,U,M,U,2,U,U
1,F,Y,U,M,U,2,U,U
1,F,N,U,M,U,2,U,U
1,F,Y,U,M,U,1,U,U
1,N,Y,U,M,U,2,U,U
1,F,N,U,M,U,2,U,U
1,N,Y,U,M,U,5,U,U
1,N,Y,U,M,U,2,U,U
1,N,Y,U,M,U,NA,U,U
1,F,N,U,M,U,2,U,U
1,N,Y,U,M,U,2,U,U
1,N,N,U,M,U,2,U,U
1,N,Y,U,M,U,2,U,U
1,F,Y,U,M,U,4,U,U
1,N,Y,U,M,U,2,U,U
1,N,Y,U,M,U,2,U,U
1,N,Y,U,M,U,1,U,U
1,F,Y,U,M,U,2,U,U
1,N,N,U,M,U,2,U,U
1,N,N,U,M,U,1,U,U
1,N,N,U,M,U,2,U,U
1,F,Y,U,M,U,2,U,U
1,F,N,U,M,U,NA,U,U
1,N,N,U,M,U,2,U,U
1,N,Y,U,M,U,2,U,U
1,N,N,W,M,19,2,W;H,M;M
1,N,N,B,M,32,1,W,M
1,F,U,L,M,30,1,U,M
1,N,Y,L,M,29,1,H,M
1,F,Y,L,M,36,4,B;W;H;W,M;M;M;M
1,N,N,L,M,28,1,W,M
1,F,Y,L,M,31,2,H;H,M;M
1,N,N,L,M,16,1,W,M
1,N,Y,L,U,U,5,H;W;W;W;W,M;M;M;M;M
1, F,Y,L,U,U,5,H;W;W;W;W,M;M;M;M;M
1, N,Y,L,U,U,5,H;W;W;W;W,M;M;M;M;M
1, N,Y,L,U,U,5,H;W;W;W;W,M;M;M;M;M
1, N,Y,L,U,U,5,H;W;W;W;W,M;M;M;M;M
1, N,Y,L,U,U,5,H;W;W;W;W,M;M;M;M;M
1,N,Y,L,M,36,2,W;W,M;M
1,F,N,L,M,49,3,W;W;W,M;M;M
1,F,N,W,M,49,2,W;W,M;M
1,F,Y,W,M,32,2,A/W;H,M;M
1,N,Y,L,M,U,1,W,M
1,N,Y,B,M,33,5,W;W;H;H;W,M;M;M;M;M
1,F,Y,L,M,26,3,W;W;W,M;M;M
1,N,Y,L,U,U,2,H;W,M;M
1, N,Y,L,U,U,2,H;W,M;M
1,N,Y,L,M,25,1,W,M
1,F,N,W,M,25,2,W;W,M;M
1,F,Y,W,M,55,1,NA/W,M
1,N,N,B,F,31,1,B,M
1,N,N,L,M,21,1,H,M
1,N,Y,A,M,26,1,W,M
1,N,N,W,M,27,1,W,M
1,F,Y,W,M,26,3,W;H;H,M;M;M
1,N,Y,B,M,45,3,W;W;W,M;M;M
1,F,N,W,M,52,1,W,M
1,F,N,W,M,40,3,H;W;H,M;M;F
1,F,N,L,M,35,2,W;B,M;M
1,N,Y,U,M,28,1,W,M
1,N,N,W,M,36,1,W,M
1,F,N,W,M,35,1,W,M
1,F,N,W,M,42,1,W,M
1,F,N,L,M,36,2,W;W,M;M
1,F,Y,W,M,56,1,W,M
1,N,N,U,U,U,1,W,M
1,N,Y,L,M,32,1,H,M
1,F,Y,L,M,25,1,H,M
1,F,Y,L,M,32,2,W;W,M;M
1,N,N,W,M,20,1,W,M
1,N,N,L,M,22,1,H,F
1,F,Y,L,M,56,2,W;A,M;M
1,F,N,B,M,34,1,W,M
1,N,Y,W,M,43,1,W,M
1,F,Y,W,M,29,2,A/W;W,M;M
1,N,N,L,M,24,1,W,M
1,F,Y,U,M,24,5,W;W;W;H;W,M;M;M;M;F
1,F,N,L,M,32,1,W,M
1,F,N,W,M,51,2,W;W,M;M
1,F,N,W,M,29,1,W,M
1,F,Y,W,M,69,2,W;W,M;M
1,N,Y,B,M,35,1,W,M
1,N,N,L,M,34,1,W,M
1,F,Y,W,M,30,4,W/ H;W/H;W/A;W,M;M;M;M
1,N,N,W,M,23,1,W/ H,M
1,N,Y,W,M,16,1,W,M
1,F,N,W,M,25,2,W/ H;A,M;M
1,F,Y,W,M,31,3,W;W;W,M;M;M
1,N,N,W,M,27,1,W,M
1,N,Y,W,M,31,1,W,M
1,N,Y,W,M,27,4,W;W;W;W,M;M;M;M
1,F,N,W,M,27,3,W;W;H,M;M;M
1,N,Y,L,M,29,3,W;W;W,M;M;M
1,F,Y,W,M,39,3,W;W;W,M;M;M
1,N,N,W,M,49,1,W,M
1,N,N,U,M,U,1,W,M
1,F,Y,U,M,52,2,W;W,M;M
1,F,N,U,M,27,2,W;W,M;M
1,F,Y,L,M,24,2,A;H,M;M
1,F,Y,L,M,30,2,W;H,M;M
1,N,N,W,M,29,1,W,M
1,N,Y,W,M,31,1,W,M
1,N,N,W,M,17,1,W,M
1,F,N,W,F,58,2,W;W,M;M
1,F,N,L,M,35,1,W,M
1,N,Y,L,M,33,2,W;W,M;M
1,N,Y,W,M,30,2,W;W,M;M
1,F,N,W,M,40,2,W;W,M;M
1,F,Y,W,M,18,1,W,M
1,F,N,W,M,35,1,W,M
1,N,Y,L,M,28,1,W,M
1,N,Y,W,M,59,2,W;H,M;M
1,F,N,W,M,41,1,H,M
1,N,Y,U,M,U,1,B,M
1,F,Y,B,M,41,1,H,M
1,N,N,W,M,30,1,W,M
1,F,N,W,M,31,1,W,M
1,F,Y,L,M,20,1,W,M
1,F,N,L,M,31,3,A;W;W,M;M;M
1,F,Y,U,F,36,1,W,M
1,F,Y,W,M,26,1,W,M
1,F,N,W,M,28,1,W,M
1,F,N,L,M,26,1,W,M
1,N,N,B,M,33,1,H,M
1,N,N,L,M,33,1,W,M
1,F,Y,W,M,47,1,W,M
1,F,N,W,M,27,1,W,M
1,N,N,B,M,34,1,W,M
1,F,N,B,M,26,1,W,M
1,N,Y,B,M,30,3,W;W;W,M;M;M
1,F,Y,L,U,U,1,W,M
1, N,Y,L,U,U,1,W,M
1, N,Y,L,U,U,1,W,M
1,N,Y,W,M,30,3,W;W;H,M;M;M
1,F,Y,L,M,30,9,W;W;H;W;W;H;W;H;A,M: M;M;M;M;M;M;M;M
1,N,Y,W,M,35,1,W,M
1,N,N,L,M,40,1,W,M
1,F,N,L,M,41,3,W;W;W,M;M;M
1,F,Y,L,M,44,1,W,M
1,F,N,W,M,63,3,W;W;W,M: M;M
1,F,Y,L,M,31,2,W;W,M;M
1,F,N,W,M,23,1,W,M
1,F,Y,L,M,28,1,W,M
1,N,Y,W,M,37,1,W,M
1,F,Y,W,M,40,1,W,F
1,N,N,L,M,20,1,W,M
1,F,Y,U,M,43,1,H,M
1,N,N,L,M,28,1,H,M
1,F,Y,W,M,21,6,W/H;W;W;W/H;W;W,M;M;M;M;M;M
1,N,N,W,M,18,1,W/ H,M
1,N,Y,L,M,31,1,W,M
1,F,Y,NA,M,34,1,W,M
1,N,N,U,M,27,1,H,M
1,N,Y,L,F,26,1,W,M
1,N,N,W,M,71,1,W,M
1,F,N,W,M,52,1,B,M
1,N,N,L,M,21,1,W,M
1,N,Y,A,M,18,2,W;W,M;M
1,N,N,L,M,24,2,W;W,M;M
1,N,N,B,M,21,1,W,M
1,N,Y,L,M,26,1,H,M
1,F,Y,W,M,46,1,W,M
1,N,Y,L,M,31,1,H,M
1,N,Y,L,F,31,2,H;W,M;M
1,F,N,W,M,39,1,W,M
1,F,N,B,F,51,1,W,M
1,F,N,W,M,22,2,W;W,M;M
1,F,N,L,M,22,1,W,M
1,N,N,L,M,22,1,H,M
1,F,N,W,M,37,2,H;W,M;M
1,F,Y,L,M,40,3,W;W;W,M;M;M
1,F,Y,W,M,41,1,W,M
1,F,N,W,M,25,1,W,M
1,F,Y,W,M,31,3,W;W;W,M;F;M
1,F,Y,W,M,32,1,W,M
1,N,Y,L,M,23,1,H,M
1,F,Y,B,M,22,1,W,M
1,N,N,W,M,31,5,H: H;H;W;W,M;M;M;M;M
1,F,Y,W,M,50,2,W;W,M;F
1,F,Y,W,M,27,1,W,M
1,F,Y,B,M,25,5,U,U
1,N,Y,B,M,U,1,U,U
1,F,N,W,M,67,2,U,U
1,N,Y,W,M,61,10,U,U
1,F,Y,L,M,32,2,U,U
1,N,Y,B,M,27,1,U,U
1,F,Y,W,M,49,1,U,U
1,F,N,W,M,23,1,U,U
1,N,N,W,M,55,1,U,U
1,F,Y,W,M,51,2,U,U
1,F,Y,W,M,52,1,U,U
1,F,N,W,M,21,2,U,U
1,F,U,B,M,U,4,U,U
1,F,Y,W,M,46,3,U,U
1,F,N,W,M,45,2,U,U
1,N,N,W,M,34,1,U,U
1,F,N,W,M,50,3,U,U
1,N,U,W,M,31,1,U,U
1,F,N,W,M,58,1,U,U
1,F,N,W,M,36,2,U,U
1,N,Y,W,M,31,3,U,U
1,N,Y,W,M,20,2,U,U
1,N,N,W,M,47,2,U,U
1,N,Y,W,M,63,2,U,U
1,F,Y,W,M,29,2,U,U
1,N,N,W,M,20,1,U,U
1,N,Y,B,M,17,1,U,U
1,F,Y,W,M,28,1,U,U
1,N,N,L,M,25,1,U,U
1,N,Y,W,M,27,2,U,U
1,N,Y,B,U,U,2,W;W,U
1,N,Y,U,U,U,2,W;W,U
1,N,Y,B,U,U,3,W;W;W,U
1,N,Y,U,U,U,1,B,U
1,N,Y,B,U,U,1,B,U
1,F,Y,L,U,U,1,B,U
1,N,U,U,U,U,1,B,U
1,N,Y,B,U,U,3,W;W;W,U
1,N,Y,B,U,U,2,W;B,U
1,F,N,B,U,U,3,W;B;L,U
1,N,Y,B,U,U,1,W,U
1,F,U,B,U,U,4,B;B;W;W,U
1,F,Y,B,U,U,6,B;W;B;W;W;W,U
1,N,Y,B,U,U,3,W;B;W,U
1,N,N,B,U,U,1,W,U
1,F,Y,B,U,U,1,B,U
1,N,N,B,U,U,1,B,U
1,N,Y,B,U,U,1,W,U
1,N,Y,B,U,U,2,W;U,U
1,F,U,B,U,U,1,B,U
1,F,Y,B,U,U,1,W,U
1,N,N,B,U,U,2,B;B,U
1,N,N,B,U,U,2,B;B,U
1,N,Y,B,U,U,1,B,U
1,F,Y,B,U,U,2,W;W,U
1,N,Y,B,U,U,1,W,U
1,N,Y,B,U,U,1,W,U
1,N,Y,B,U,U,1,B,U
1,N,Y,B,U,U,1,W,U
1,N,U,B,U,U,1,B,U
1,F,U,L,U,U,4,L;L;W;U,U
1,N,U,B,U,U,1,B,U
1,N,Y,B,U,U,1,L,U
1,N,Y,B,U,U,4,B;W;W;W,U
1,N,Y,B,U,U,3,W;W;L,U
1,N,N,B,U,U,1,W,U
1,F,N,B,U,U,2,B;W,U
1,N,Y,B,U,U,1,W,U
1,F,N,B,U,U,2,B;W,U
1,N,N,B,U,U,2,B;W,U
1,N,N,B,U,U,2,B;W,U
1,N,N,B,U,U,1,W,U
1,N,N,B,U,U,1,L,U
1,N,N,B,U,U,2,L;W,U
1,N,Y,B,U,U,1,L,U
1,N,Y,W,U,U,1,A,U
1,F,N,B,U,U,3,B;W;W,U
1,F,Y,B,U,U,5,L;B;W;W;W,U
1,N,U,B,U,U,4,W;W;W;W,U
1,N,U,B,U,U,4,W;W;W;W,U
1,N,U,B,U,U,4,W;W;W;W,U
1,N,N,B,U,U,1,W,U
1,N,U,B,U,U,1,W,U
1,N,Y,B,U,U,2,A;W,U
1,N,N,W,U,U,2,B;U,U
1,F,Y,W,U,U,1,B,U
1,N,Y,B,U,U,1,B,U
1,F,Y,B,U,U,5,B;B;B;W;W,U
1,N,Y,B,U,U,1,B,U
1,F,Y,B,U,U,1,B,U
1,N,U,B,U,U,1,W,U
1,F,Y,B,U,U,1,B,U
1,F,N,W,M,31,2,H;H,M;M
1,F,N,L,M,26,1,W,M
1,F,N,B,M,24,1,H,M
1,N,N,L,M,20,1,W,M
1,N,N,L,M,18,1,W,M
1,N,N,L,M,29,1,W,M
1,F,N,W,M,18,1,B,M
1,N,N,W,M,34,1,H,M
1,N,N,B,M,29,4,H;H;W;H,M;M;M;M
1,N,N,U,U,U,1,H,F
1,N,N,U,U,U,1,W,F
1,N,Y,W,M,26,2,H;H,M;M
1,N,Y,L,M,19,1,H,M
1,N,Y,U,U,U,1,W,M
1,F,N,W,M,52,1,H,M
1,N,Y,W,M,41,1,H,M
1,F,N,L,M,24,1,H,F
1,F,N,W,M,26,1,H,M
1,F,Y,L,M,41,1,W,M
1,F,Y,L,M,31,1,W,M
1,N,Y,W,M,19,4,H;H;H;W,F;M;M;M
1,N,Y,B,M,40,2,H;W,M;F
1,N,N,U,U,39,1,W,M
1,N,Y,U,M,35,1,H,M
1,N,N,U,U,23,1,W,M
1,N,Y,W,M,59,4,H;B;H;W,M;M;M;M
1,F,Y,W,M,60,1,H,M
1,N,Y,W,M,32,1,B,M
1,F,N,L,M,19,1,H,M
1,N,Y,L,M,34,2,H;W,M;M
1,N,N,L,M,32,1,B,M
1,N,N,U,U,U,1,H,M
1,F,N,B,M,53,1,W,M
1,F,Y,W,M,46,1,W,M
1,N,Y,B,M,50,1,H,M
1,N,N,U,U,Juvenile,1,H,M
1,N,N,U,U,U,1,W,F
1,F,N,L,M,48,1,H,F
1,N,Y,L,M,37,1,H,M
1,N,N,L,U,18,2,W;O,F;M
1,F,Y,L,M,25,2,H;H,M;F
1,N,N,W,M,48,1,W,M
1,N,N,B,M,46,2,B;H,M;M
1,F,Y,B,M,23,1,H,M
1,F,Y,L,M,29,1,W,M
1,F,Y,L,M,50,1,W,M
1,N,Y,B,M,37,1,H,M
1,N,Y,W,M,21,1,W,M
1,N,Y,L,M,31,1,W,M
1,F,Y,B,M,31,1,H,M
1,N,N,L,M,32,1,H,M
1,N,N,U,U,Juvenile,2,W;H,M;M
1,F,N,B,M,20,1,B,M
1,F,N,W,F,44,1,H,M
1,N,N,W,M,31,1,H,M
1,N,N,L,M,19,1,H,M
1,F,Y,B,M,34,1,H,M
1,F,Y,L,M,45,1,H,M
1,F,N,L,M,54,1,W,M
1,N,N,U,U,20,1,H,F
1,F,Y,L,M,28,1,W,M
1,F,Y,W,M,32,1,B,M
1,N,Y,W,M,47,2,W;H,M;F
1,F,N,B,M,19,1,B,F
1,N,N,L,M,23,1,H,M
1,F,N,L,M,31,2,H;H,M;M
1,N,N,B,M,18,1,W,M
1,F,Y,L,M,35,1,H,M
1,F,Y,W,M,34,1,H,M
1,N,Y,W,M,40,1,H,M
1,F,Y,W,M,50,1,B,M
1,N,N,W,M,33,1,W,M
1,N,Y,U,M,26,1,W,M
1,F,N,W,M,43,1,B,M
1,N,N,U,M,32,1,B,M
1,F,Y,W,M,47,1,H,M
1,N,Y,B,M,22,3,U;U;U,M;M;M
1,N,N,U,M,U,1,W,M
1,N,U,L,M,32,NA,L,M
1,N,Y,L,M,38,NA,W,M
1,N,Y,L,M,37,NA,W,M
1,F,Y,L,M,32,NA,L,M
1,F,Y,L,M,45,NA,L;L,M;M
1,F,Y,L,M,34,NA,L,M
1,N,Y,L,M,23,NA,L,M
1,F,Y,L,M,30,NA,L,M
1,N,U,L,M,58,NA,L,M
1,F,Y,B,M,33,NA,L,M
1,F,U,L,M,24,NA,W,M
1,F,U,B,M,36,NA,W,M
1,F,Y,W,M,27,NA,L,M
1,N,Y,W,M,23,NA,L,M
1,N,Y,U,M,21,2,,M;M
1,N,N,U,U,U,1,,U
1,N,N,U,U,U,1,,M;U
1,N,N,U,M,U,1,,M
1,F,Y,U,M,44,6,,M;M;M;M;M;M
1,N,N,U,M,U,2,,U
1,F,N,U,M,U,3,,U
1,N,Y,B,M,U,2,B;U;U,M;M;F
1,F,Y,W,M,41,4,,M;M;M;M;M
1,N,N,U,M,U,4,,M;M;M;M
1,N,Y,L,M,U,4,,M;M;M;F
1,N,N,U,M,U,2,,M;M
1,N,N,U,U,U,1,,M
1,N,Y,U,U,U,4,,U
1,N,U,U,U,U,4,,U
1,N,U,U,U,U,4,,U
1,N,U,U,U,U,4,,U
1,F,Y,U,U,U,1,,M
1,N,N,U,M,U,2,,U
1,N,N,U,U,U,1,,F
1,F,N,U,U,U,5,,U
1,N,N,U,U,U,1,,U
1,F,U,U,M,U,3,,U
1,F,Y,U,M,U,3,,U
1,F,N,U,M,U,2,,U
1,F,N,U,U,U,2,,M;U
1,F,Y,U,U,U,2,,U
1,F,N,U,M;U,U,2,,U
1,N,N,U,M,U,2,,U
1,N,Y,U,M,U,4,,U
1,F,Y,W,M,33,3,,M;M;M
1,N,N,U,M,44,4,,M;M;M;M
1,F,N,U,M,U,3,,U
1,N,N,B,M,29,5,,M;M;U;M;M
1,N,N,U,M,U,2,,M;M
1,F,N,L,M,U,2,,M;M
1,N,N,U,U,U,4,,M;U;U;U
1,F,N,U,F,U,3,,U
1,F,N,L,M,28,4,W;W;W;U,M;M;M;M
1,F,N,U,M,U,2,,M;M
1,N,N,U,U,U,2,,M;U
1,N,Y,U,M,39,2,,M;M
1,F,N,U,U,U,2,,U
1,N,Y,U,M,U,2,,U
1,N,Y,U,M,38,2,,M;M
1,F,Y,B,M,19,2,,M;M
1,F,N,U,M,32,6,,F;M;M;M;F;F
1,N,Y,L,M,U,4,,M;M;F;M
1,N,Y,U,U,U,1,,F
1,N,Y,U,U,U,1,,F
1,N,N,U,U,U,1,,U
1,N,Y,U,M,U,6,,M;M;M;M;M;M
1,N,Y,B,M,U,1,,F
1,N,Y,U,M,20,3,,M;M;M
1,N,Y,L,M,U,4,B;U;U;U,U;U;M;M
1,F,Y,U,M,U,6,,U
1,F,Y,U,U,U,1,,F
1,N,N,U,M,U,1,,M;U
1,N,NA,B,M,U,2,U,M;M
1,F,NA,L,M,U,1,U,M
1,N,NA,L,M,U,1,U,M
1,N,NA,L,M,U,1,U,M
1,F,NA,W,M,U,2,U,M;M
1,N,NA,A,M,U,1,U,F
1,N,NA,L,M,U,1,U,M
1,N,NA,L,F,U,1,U,F
1,N,NA,W,M,U,1,U,M
1,F,NA,A,M,U,2,U,M;M
1,F,NA,L,M,U,1,U,U
1,N,NA,B,M,U,2,U,M;M
1,F,NA,B,M,U,2,U,U;U
1,N,NA,A,F,U,1,U,M
1,F,NA,L,M,U,2,U,M;M
1,F,NA,L,M,U,1,U,M
1,N,NA,W,M,U,2,U,M;F;U
1,N,NA,L,M,U,3,U,M
1,F,NA,A,M,U,1,U,M
1,F,NA,O,M,U,1,U,M
1,N,NA,L,M,U,11,U,M;M;M;M;M;M;M;M;M;M;M
1,N,NA,U,M,U,4,U,M
1,N,NA,L,M,U,3,U,M;M;M
1,N,NA,W,U,U,1,U,M
1,N,NA,B,U,U,1,U,M
1,F,NA,L,M,U,1,U,U
1,F,NA,U,M,U,1,U,M
1,N,NA,L,M,U,1,U,M
1,N,NA,B,M,U,1,U,M
1,F,NA,W,M,U,1,U,M
1,N,NA,L,U,U,1,U,M
1,N,NA,W,U,U,1,U,M
1,N,NA,L,M,U,1,U,M
1,F,NA,W,F,U,1,U,F
1,F,NA,L,M,U,2,U,M;M
1,F,NA,L,M,U,1,U,M
1,N,NA,L,M,U,1,U,M
1,F,NA,W,M,U,2,U,U;U
1,N,NA,L,M,U,1,U,M
1,N,NA,L,M,U,1,U,M
1,N,NA,L,M,U,2,U,M;M
1,N,NA,L,M,U,1,U,U
1,N,NA,W,M,U,1,U,M
1,N,Y,L,M,24,1,U,U
1,N,U,W,M,27,1,U,U
1,F,U,L,M,23,2,U,U
1,F,N,L,M,26,2,U,U
1,F,Y,B,M,23,7,U,U
1,N,Y,B,M,U,1,U,U
1,F,N,L,M,31,1,U,U
1,F,Y,W,M,21,1,U,U
1,F,N,L,M,21,3,U,U
1,N,Y,A,M,22,1,U,U
1,N,N,L,M,31,1,U,U
1,N,Y,W,M,46,1,U,U
1,N,N,W,F,27,1,U,U
1,F,Y,L,M,40,4,U,U
1,N,N,W,M,27,1,U,U
1,F,N,A,M,60,1,U,U
1,N,Y,B,M,33,2,U,U
1,F,N,W,M,47,1,U,U
1,N,N,L,M,39,1,U,U
1,F,N,W,M,30,1,U,U
1,N,N,W,M,25,2,U,U
1,F,N,L,M,28,1,U,U
1,N,N,W,M,47,1,U,U
1,N,Y,W,M,26,1,U,U
1,F,N,W,M,22,1,U,U
1,N,N,W,M,27,1,U,U
1,F,N,W,M,U,1,U,U
1,N,N,L,M,36,1,U,U
1,N,N,L,M,30,1,U,U
1,N,Y,O,M,30,2,U,U
1,F,N,W,M,55,1,U,U
1,F,N,L,F,33,1,U,U
1,F,N,O,M,42,1,U,U
1,F,Y,A,M,34,2,U,U
1,F,U,W,M,31,1,U,U
1,F,Y,L,M,47,4,U,U
1,F,Y,W,M,68,2,U,U
1,F,N,A,M,21,2,U,U
1,N,N,B,M,53,1,U,U
1,N,U,A,M,40,2,U,U
1,N,Y,L,M,23,1,U,U
1,F,N,W,M,54,1,U,U
1,N,N,W,M,37,1,U,U
1,F,N,L,M,59,3,U,U
1,N,N,W,M,21,1,U,U
1,N,Y,W,M,24,1,U,U
1,F,N,B,M,39,2,U,U
1,N,Y,A,M,30,3,U,U
1,N,U,B,M,23,1,U,U
1,F,Y,L,M,41,3,U,U
1,N,Y,W,M,56,1,U,U
1,N,U,L,M,28,1,U,U
1,N,N,L,M,35,2,U,U
1,N,Y,W,M,59,3,H/L;W;AI/AN,M;M;M
1,N,Y,L,M,38,2,W;Unknown,M;Unknown
1,N,N,B,M,36,2,B;W,M;M
1,N,Y,A,M,19,1,H/L,M
1,N,N,W,M,24,U,B,M
1,N,N,B,F,20,2,W;Unknown,M;Unknown
1,F,Y,W,M,28,>6,W;W;Unknown;Unknown ;Unknown;Unknown,M;M;Unknown;Unknown;Unknown;Unknown
1,F,Y,B,M,32,4,W;W;W;W,M;M;M;M
1,F,Y,W,M,37,>7,H/L;Unknown;Unknown;Unknown;Unknown;Unknown;Unknown,M
1,F,N,W,M,26,1,W,M
1,N,N,W,M,23,>3,W;Unknown;Unknown,F;Unknown;Unknown
1,N,Y,B,M,23,>2,W;Unknown;Unknown,M;Unknown;Unknown
1,F,Y,W,M,37,2,A/PI Unknown,M;Unknown
1,F,Y,B,M,32,>1,B;Unknown,M;Unknown
1,F,N,W,M,36,>1,W,M
1,F,Y,A,M,31,3,W;W;Multi-Racial,M;M;M
1,N,Y,B,M,23,2,W;W,M;M
1,F,Y,W,M,51,>1,W;Unknown,M;Unknown
1,N,N,B,U,U,3,AI/AN;W;Unknown,M;F;Unknown
1,U,N,U,U,U,3,AI/AN;W;Unknown,M;F;Unknown
1,F,Y,B,M,46,2,W;Unknown,M;M
1,F,N,U,M,21,2,W;W,M;M
1,N,Y,W,M,28,>1,W;Unknown,M;Unknown
1,N,Y,B,U,U,1,W,F
1,N,Y,U,U,U,1,W,F
1,F,N,W,M,27,1,W,M
1,N,N,B,U,U,>1,W;Unknown,M;Unknown
1,N,N,U,U,U,>1,W;Unknown,M;Unknown
1,N,N,U,U,U,>1,W;Unknown,M;Unknown
1,F,N,W,M,42,4,W;A/PI;Unknown;Unknown,M;M;Unknown;Unknown
1,F,Y,W,M,44,3,W;Unknown;Unknown,M;Unknown;Unknown
1,F,N,U,M,51,1,W,M
1,F,Y,W,M,57,>5,W;W;Unknown;Unknown;Unknown,M;M;Unknown;Unknown;Unknown
1,F,Y,B,M,78,2,W;W,F;M
1,N,Y,B,M,25,2,W;Unknown,M;Unknown
1,N,N,W,M,24,>1,W;Unknown,M;Unknown
1,N,Y,U,U,U,2,,M;M
1,N,Y,U,U,U,4,,M;M;M;M
1,N,N,U,U,U,2,,M;M
1,N,N,U,U,U,1,,M
1,N,N,U,U,U,1,,M
1,N,Y,U,U,U,2,,M;M
1,N,Y,U,U,U,2,,M;F
1,N,N,U,U,U,1,,M
1,N,Y,U,U,U,3,,M;M;M
1,N,N,U,U,U,1,,M
1,N,Y,U,U,U,9,,M;M;M;F;M;M;F;M;M
1,N,Y,U,U,U,9,,M;M;M;F;M;M;F;M;M
1,F,Y,B,M,35,3,,M;M;M
1,F,Y,W,M,53,2,,M;M
1,N,Y,U,U,U,1,,M
1,N,Y,U,U,U,5,,M;M;M;M;M
1,N,Y,U,U,U,5,,M;M;M;M;M
1,N,Y,U,U,U,3,,M;M;M
1,N,Y,U,U,U,3,,M;M;M
1,N,Y,U,U,U,3,,M;M;M
1,N,N,U,U,U,1,,M
1,N,N,U,U,U,4,,M;M;M
1,N,N,U,U,U,4,,M;M;M
1,N,N,U,U,U,4,,M;M;M
1,F,Y,B,M,22,2,,U
1,N,Y,U,U,U,3,,M;M;M
1,N,Y,U,U,U,3,,M;M;M
1,N,Y,U,U,U,1,,M
1,N,Y,U,U,U,1,,M
1,N,Y,U,U,U,3,,M;M;M
1,N,Y,U,U,U,1,,M
1,N,N,U,U,U,1,,M
1,F,Y,B,M,37,2,,M;M
1,F,Y,W,M,32,1,,M
1,F,Y,B,M,32,2,,M;M
1,N,N,U,U,U,1,,M
1,N,Y,U,U,U,4,,M;M;M;M
1,N,Y,U,U,U,4,,M;M;M;M
1,N,Y,U,U,U,4,,M;M;M;M
1,N,Y,U,U,U,2,,M;M
1,N,Y,U,U,U,2,,M;M
1,F,Y,B,M,18,1,W,M
1,U,U,U,U,U,1,,U
1,U,U,U,U,U,1,,U
1,N,N,U,U,U,1,,M
1,N,Y,B,M,22,U,,U
1,F,Y,B,M,38,U,W,U
1,N,Y,B,M,14,2,W;W,U
1,N,Y,U,U,U,2,,M;M
1,N,U,U,U,U,2,,U
1,N,U,U,U,U,2,,U
1,N,U,U,U,U,2,,U
1,N,U,U,U,U,2,,U
1,N,U,U,U,U,2,,U
1,F,Y,B,M,39,3,,W;M;M
1,F,Y,B,M,52,1,W,M
1,F,Y,U,M,U,2,,M;F
1,F,Y,B,U,19,2,W;B,M;M
1,N,Y,U,U,U,1,,M
1,N,Y,U,U,U,2,,M;M
1,N,Y,U,M,52,3,,M;M;M
1,N,Y,U,U,U,4,,M;M;M
1,N,Y,U,U,U,4,,M;M;M
1,N,Y,U,U,U,4,,M;M;M
1,N,Y,U,U,U,2,,M;M
1,N,N,U,U,U,1,,M
1,N,N,U,U,U,1,,M
1,N,N,U,U,U,2,,M;M
1,N,Y,U,U,U,3,,U
1,N,Y,U,U,U,2,,M;M
1,N,Y,U,U,U,2,,M;M
1,N,U,U,U,U,1,,M
1,F,Y,U,U,U,6,,M;M;M;M;M;M
1,N,Y,U,U,U,6,,M;M;M;M;M;M
1,N,Y,U,U,U,2,,M;M
1,F,Y,B,M,34,5,,M;M;F;M;M
1,N,N,U,M,22,1,,M
1,N,Y,U,U,U,3,,M;M;M
1,N,Y,U,U,U,3,,M;M;M
1,F,Y,B,M,15,1,W,M
1,N,Y,U,U,U,2,,M;F
1,N,Y,U,U,U,1,,M
1,N,Y,U,U,U,1,,M
1,F,Y,B,M,25,2,,M;M
1,N,Y,U,U,U,2,,M;M
1,N,Y,U,U,U,2,,M;M
1,N,Y,U,U,U,2,,M;M
1,N,Y,U,U,U,1,,M
1,N,Y,U,U,U,2,,M;M
1,N,Y,U,U,U,1,,M
1,N,Y,U,U,U,2,,M;M
1,N,Y,U,U,U,2,,M;M
1,N,Y,U,U,U,1,,M
1,F,Y,U,M,48,2,,M;M
1,N,Y,B,M,U,2,,U
1,N,Y,U,U,U,1,,U
1,N,N,U,U,U,2,,M;M
1,N,Y,U,U,U,1,,M
1,N,N,U,U,U,1,,M
1,N,N,U,U,U,1,,M
1,N,Y,U,U,U,1,,M
1,N,N,U,U,U,1,,M
1,F,N,B,M,25,2,W;W,M;M
1,N,Y,U,U,U,1,,M
1,F,N,B,U,U,2,,M;M
1,N,Y,U,M,30,3,,U
1,N,N,U,U,U,1,,M
1,U,U,U,U,U,3,,U
1,N,Y,U,U,U,1,,M
1,N,Y,U,U,U,1,,M
1,N,Y,U,U,U,1,,M
1,N,N,U,U,U,5,,M;M;F;M;M
1,N,Y,U,U,U,2,,M;M
1,N,Y,U,U,U,2,,M;M
1,U,U,U,U,U,U,,U
1,U,Y,U,U,U,2,,M;U
1,U,Y,U,U,U,2,,M;U
1,N,Y,U,U,U,1,,M
1,N,Y,U,U,U,1,,M
1,N,N,U,U,U,2,,M;M
1,N,Y,B,M,23,1,,M
1,N,N,U,U,U,2,,M;M
1,N,Y,U,U,U,1,,M
1,F,N,B,M,24,2,W;U,M;M
1,N,N,U,U,U,2,,M;M
1,U,U,U,U,U,1,L,M
1,U,Y,U,U,U,1,L,M
1,U,N,W,U,U,1,L,M
1,F,Y,W,M,26,1,W,M
1,U,U,U,U,U,1,L,M
1,U,U,U,U,U,1,W,M
1,U,U,U,U,U,1,W,F
1,U,U,U,U,U,1,B,M
1,F,Y,B,U,16,2,W;B,M;M
1,U,U,U,U,U,1,W,M
1,U,U,U,U,U,4,W;W;B;W,M;M;M;M
1,F,Y,W,M,30,2,L;U,M;M
1,U,U,U,U,U,1,W,M
1,U,U,U,U,U,1,W,M
1,U,U,U,U,U,1,L,M
1,U,U,U,U,U,3,W;L;W,M;M;M
1,U,U,U,U,U,2,L;W,M;M
1,U,U,U,U,U,2,W;W,M;M
1,U,U,U,U,U,1,B,F
1,N,Y,B,M,28,1,L,M
1,F,Y,W,M,73,1,W,M
1,N,N,W,M,23,2,W,M
1,N,U,W,M,42,1,W,M
1,U,U,U,U,U,1,W,M
1,N,Y,U,U,U,1,W,M
1,F,Y,W,M,20,1,W,M
1,N,Y,B,U,U,3,W;W;W,M;M;M
1,N,U,U,U,U,3,W;W;W,M;M;M
1,N,N,B,M,30,1,B,M
1,U,U,U,U,U,1,W,M
1,N,N,B,M,28,2,W;W,M;M
1,U,U,W,M,46,2,W;W,M;M
1,F,Y,W,M,39,1,W,M
1,U,N,B,M,40,1,B,F
1,F,Y,L,M,27,1,B,M
1,N,N,B,M,25,1,L,M
1,F,N,W,M,30,1,W,M
1,N,N,W,M,37,1,W,M
1,N,Y,W,M,25,1,W,M
1,N,N,W,U,U,7,W;W;L;L;W;W;W,M;M;M;M;M;M;M
1,N,N,B,U,U,7,W;W;L;L;W;W;W,M;M;M;M;M;M;M
1,N,N,B,U,U,7,W;W;L;L;W;W;W,M;M;M;M;M;M;M
1,F,N,L,M,39,1,W,M
1,N,N,W,M,36,1,W,M
1,F,Y,W,M,38,1,W,M
1,F,Y,B,M,46,1,W,M
1,F,Y,L,M,53,4,W;W;W;W,M;M;M;M
1,N,N,W,U,U,1,W,M
1,N,N,L,U,U,1,W,M
1,F,Y,W,U,U,3,L;W;L,M;M;M
1,N,Y,W,U,U,3,L;W;L,M;M;M
1,F,Y,W,M,58,2,W;W,M;M
1,N,Y,L,M,36,2,W;W,M;M
1,F,Y,L,M,29,2,W;W,M;M
1,N,Y,L,M,19,1,W,M
1,F,N,W,M,30,1,W,M
1,F,Y,W,M,30,1,W,M
1,F,Y,W,M,33,1,L,M
1,F,Y,O,M,28,2,W;W,M;M
1,F,Y,B,M,23,1,W,M
1,F,Y,O,M,34,1,W,M
1,N,Y,L,M,33,2,L;L,M;M
1,N,N,L,M,36,1,L,M
1,N,N,W,M,26,1,W,M
1,N,N,L,M,28,1,W,M
1,N,Y,L,M,17,1,L,M
1,F,N,L,M,44,3,W;W;W,M;M;M
1,F,N,L,F,28,1,L,M
1,N,N,L,M,41,2,W;L,M;M
1,F,Y,B,M,33,1,W,M
1,F,Y,W,M,32,1,W,M
1,F,Y,W,M,47,1,W,M
1,F,Y,L,M,35,5,L;W;L;L;L,M;M;M;M;M
1,F,Y,L,M,33,2,L;L,M;M
1,F,N,L,M,22,2,L;L,M;M
1,F,N,W,M,28,2,W;W,M;M
1,F,Y,L,M,26,2,W;L,M;F
1,F,N,L,M,43,5,W;W;W;W;W,M;M;F;M;M
1,N,N,W,M,30,3,L;L;W,M;M;M
1,F,N,L,M,30,2,L;W,M;F
1,F,Y,B,M,19,1,W,M
1,N,N,W,M,23,2,W;W,M;M
1,F,Y,L,M,31,1,W,M
1,F,Y,L,M,40,1,W,M
1,F,Y,L,M,23,1,W,M